# {"t_start": 1652701666.045791, "env_id": "CheolFingersLiquid-v1"} 
r,l,t
-50.027225,50,28.770591
-50.043581,50,28.942424
-50.026134,50,29.098637
-50.031485,50,29.270471
-50.028924,50,29.457927
-50.021623,50,29.631063
-50.020447,50,29.802897
-50.014024,50,29.990353
-50.030627,50,30.162187
-50.037202,50,30.302777
-50.01003,50,58.071348
-50.02667,50,58.244473
-50.017596,50,58.416307
-50.013545,50,58.588141
-50.010577,50,58.759975
-50.025349,50,58.931808
-50.022618,50,59.103643
-50.029772,50,59.275477
-50.038308,50,59.447309
-50.02742,50,59.589214
-50.031917,50,87.152376
-50.022568,50,87.339831
-50.033487,50,87.496043
-50.027141,50,87.683498
-50.010941,50,87.855332
-50.019481,50,88.028585
-50.022844,50,88.20171
-50.033297,50,88.373544
-50.024405,50,88.561
-50.019697,50,88.68597
-50.014681,50,116.345351
-50.031648,50,116.517186
-50.019402,50,116.673399
-50.04407,50,116.862171
-50.028933,50,117.034005
-50.038224,50,117.205839
-50.018622,50,117.377674
-50.049377,50,117.565128
-50.028564,50,117.736962
-50.013385,50,117.861933
-50.010183,50,145.532186
-50.026744,50,145.704019
-50.03216,50,145.876863
-50.039108,50,146.048697
-50.022395,50,146.204911
-50.012785,50,146.392365
-50.031933,50,146.564199
-50.017382,50,146.736034
-50.031121,50,146.909153
-50.035322,50,147.057892
-50.036334,50,174.812611
-50.042578,50,174.984446
-50.042783,50,175.15628
-50.027802,50,175.328114
-50.017556,50,175.485607
-50.043614,50,175.64182
-50.044982,50,175.814665
-50.022636,50,175.970877
-50.035969,50,176.142712
-50.022284,50,176.298925
-50.042684,50,204.129311
-50.020737,50,204.301145
-50.036211,50,204.472979
-50.01333,50,204.660434
-50.04226,50,204.832268
-50.027009,50,205.019722
-50.029225,50,205.191557
-50.019891,50,205.36339
-50.041254,50,205.520892
-50.041625,50,205.661483
-50.037015,50,233.568173
-50.026669,50,233.740006
-50.013385,50,233.897637
-50.005276,50,234.069472
-50.034944,50,234.241306
-50.023994,50,234.413139
-50.0218,50,234.584973
-50.017816,50,234.756806
-50.036024,50,234.928641
-50.012138,50,235.084852
-50.017816,50,263.000615
-50.036786,50,263.18807
-50.008588,50,263.359904
-50.00461,50,263.516117
-50.012872,50,263.687951
-50.02689,50,263.845506
-50.042671,50,264.001719
-50.028736,50,264.173553
-50.01742,50,264.345387
-50.031519,50,264.5016
-50.033632,50,292.501486
-50.024217,50,292.67332
-50.022946,50,292.845155
-50.021036,50,293.016988
-50.02737,50,293.1732
-50.029385,50,293.329414
-50.010451,50,293.501248
-50.035912,50,293.673082
-50.018997,50,293.844915
-50.012203,50,294.002485
-50.039123,50,321.938193
-50.027482,50,322.094405
-50.014384,50,322.258749
-50.015143,50,322.446204
-50.02431,50,322.618039
-50.030084,50,322.791282
-50.026213,50,322.963116
-50.01215,50,323.130967
-50.008349,50,323.302803
-50.023742,50,323.459017
-50.030489,50,351.501915
-50.007189,50,351.673749
-50.023169,50,351.829962
-50.02898,50,352.003155
-50.016249,50,352.19061
-50.020226,50,352.365604
-50.026675,50,352.537438
-50.038259,50,352.709272
-50.014892,50,352.865485
-50.020948,50,353.021698
-50.045261,50,380.976665
-50.019682,50,381.132878
-50.011817,50,381.304713
-50.02095,50,381.472404
-50.014914,50,381.628617
-50.013331,50,381.816072
-50.020132,50,381.987906
-50.024097,50,382.144118
-50.01746,50,382.317101
-50.025744,50,382.473315
-50.022392,50,410.496008
-50.016046,50,410.667842
-50.015311,50,410.855297
-50.02883,50,411.042752
-50.016804,50,411.214586
-50.02263,50,411.370799
-50.010568,50,411.537801
-50.01816,50,411.731072
-50.04183,50,411.902906
-50.033303,50,412.027878
-50.0414,50,439.900331
-50.020621,50,440.072166
-50.008845,50,440.244
-50.018615,50,440.415834
-50.012878,50,440.587667
-50.035609,50,440.759501
-50.008446,50,440.932675
-50.006737,50,441.104508
-50.019937,50,441.291963
-50.007967,50,441.432554
-50.033993,50,469.40247
-50.023436,50,469.558683
-50.019049,50,469.714896
-50.011076,50,469.886729
-50.016853,50,470.058563
-50.033327,50,470.230398
-50.003002,50,470.402232
-50.012179,50,470.574065
-50.04587,50,470.745898
-50.033053,50,470.902111
-50.020375,50,498.821117
-50.011925,50,498.992952
-50.020314,50,499.164785
-50.038862,50,499.33811
-50.009872,50,499.509944
-50.01719,50,499.681778
-50.029685,50,499.837991
-50.017703,50,500.01111
-50.024255,50,500.198564
-50.03762,50,500.354777
-50.015478,50,528.353227
-50.016983,50,528.511041
-50.03046,50,528.682873
-50.024953,50,528.854708
-50.012558,50,529.042162
-50.016305,50,529.213997
-50.010506,50,529.371645
-50.037182,50,529.543482
-50.058061,50,529.730936
-50.031774,50,529.871528
-50.015479,50,557.792063
-50.006737,50,557.963897
-50.022047,50,558.135731
-50.039704,50,558.291943
-50.03842,50,558.449563
-50.042097,50,558.621395
-50.020256,50,558.79323
-50.036151,50,558.965063
-50.039868,50,559.136897
-50.015019,50,559.293109
-50.049153,50,587.356275
-50.01116,50,587.512486
-50.036696,50,587.684321
-50.032223,50,587.871776
-50.007564,50,588.043611
-50.04103,50,588.215444
-50.037052,50,588.387278
-50.008401,50,588.560478
-50.028703,50,588.732313
-50.017266,50,588.872904
-50.043266,50,616.861033
-50.035034,50,617.032867
-50.024115,50,617.205991
-50.022913,50,617.377825
-50.007066,50,617.549659
-50.027388,50,617.71206
-50.025257,50,617.883894
-50.02362,50,618.055728
-50.047107,50,618.227562
-50.019036,50,618.383776
-50.038469,50,646.526109
-50.030052,50,646.713565
-50.01127,50,646.885398
-50.044643,50,647.057232
-50.048089,50,647.213446
-50.032876,50,647.38528
-50.04264,50,647.541492
-50.049714,50,647.719525
-50.013522,50,647.891359
-50.014666,50,648.047571
-50.02091,50,676.121964
-50.034757,50,676.293799
-50.025825,50,676.471318
-50.00234,50,676.643152
-50.00459,50,676.814986
-50.006204,50,676.986821
-50.018966,50,677.159945
-50.036525,50,677.331779
-50.01085,50,677.489293
-50.058815,50,677.645506
-50.030993,50,705.771752
-50.020708,50,705.943585
-50.024017,50,706.107063
-50.025619,50,706.278896
-50.036493,50,706.450731
-50.020609,50,706.606943
-50.034129,50,706.794399
-50.017873,50,706.966233
-50.044239,50,707.138067
-50.026626,50,707.294278
-50.027709,50,735.376531
-50.035467,50,735.532743
-50.014521,50,735.706161
-50.050359,50,735.877995
-50.02754,50,736.035557
-50.028814,50,736.218865
-50.039855,50,736.380982
-50.019335,50,736.552815
-50.037699,50,736.709029
-50.020944,50,736.84962
-50.022687,50,765.033107
-50.025261,50,765.189319
-50.014842,50,765.376774
-50.05009,50,765.532987
-50.04023,50,765.721747
-50.04372,50,765.909202
-50.024901,50,766.066957
-50.040501,50,766.236411
-50.026112,50,766.408244
-50.025018,50,766.548835
-50.042709,50,794.605781
-50.039421,50,794.777615
-50.028323,50,794.949449
-50.036928,50,795.105661
-50.049457,50,795.277495
-50.028534,50,795.44933
-50.03621,50,795.621163
-50.042716,50,795.794286
-50.020918,50,795.96612
-50.022187,50,796.112538
-50.022198,50,824.273897
-50.02742,50,824.461351
-50.043301,50,824.633185
-50.03052,50,824.82064
-50.037775,50,824.976853
-50.016367,50,825.148686
-50.022105,50,825.3049
-50.043048,50,825.492355
-50.033469,50,825.665865
-50.010315,50,825.806461
-50.051719,50,853.934899
-50.047393,50,854.106733
-50.031802,50,854.295485
-50.034503,50,854.467321
-50.023324,50,854.639155
-50.024917,50,854.81099
-50.02078,50,854.982823
-50.033704,50,855.154658
-50.050236,50,855.31087
-50.018977,50,855.467083
-50.017938,50,883.788345
-50.034443,50,883.944557
-50.023962,50,884.116391
-50.037446,50,884.288226
-50.032077,50,884.460059
-50.121618,50,884.631893
-50.034005,50,884.819348
-50.050359,50,884.991182
-50.020576,50,885.178637
-50.033369,50,885.319228
-50.043242,50,913.72137
-50.025071,50,913.908824
-50.040624,50,914.065038
-50.036421,50,914.236871
-50.039728,50,914.394376
-50.056041,50,914.566211
-50.023277,50,914.738045
-50.027559,50,914.909879
-50.034362,50,915.081713
-50.046928,50,915.237925
-50.049429,50,943.558083
-50.020543,50,943.729917
-50.055999,50,943.901751
-50.050635,50,944.073584
-50.038219,50,944.24542
-50.033907,50,944.434173
-50.039963,50,944.590385
-50.028661,50,944.762221
-50.034943,50,944.934054
-50.023375,50,945.074646
-50.028788,50,973.397389
-50.083333,50,973.569223
-50.022112,50,973.741057
-50.020334,50,973.912891
-50.024875,50,974.084726
-50.044529,50,974.242245
-50.052367,50,974.398461
-50.030986,50,974.585916
-50.026849,50,974.742129
-50.021932,50,974.898341
-50.040987,50,1002.927321
-50.037476,50,1003.101297
-50.026589,50,1003.273131
-50.031098,50,1003.429343
-50.030332,50,1003.601177
-50.031086,50,1003.77301
-50.037981,50,1003.944845
-50.024025,50,1004.116679
-50.017938,50,1004.274178
-50.034342,50,1004.430391
-50.032723,50,1032.571497
-50.043115,50,1032.727709
-50.040695,50,1032.915165
-50.033078,50,1033.099146
-50.026474,50,1033.255359
-50.039858,50,1033.427193
-50.025705,50,1033.599028
-50.042494,50,1033.755241
-50.042286,50,1033.942695
-50.036835,50,1034.098909
-50.035377,50,1062.3829
-50.043454,50,1062.539113
-50.096198,50,1062.726568
-50.034789,50,1062.898402
-50.021788,50,1063.085857
-50.038037,50,1063.24207
-50.045403,50,1063.413904
-50.018838,50,1063.601359
-50.038962,50,1063.773192
-50.044912,50,1063.913784
-50.008601,50,1092.215851
-50.043373,50,1092.387684
-50.043184,50,1092.559518
-50.042839,50,1092.731351
-50.096693,50,1092.904476
-50.014429,50,1093.06069
-50.024068,50,1093.241701
-50.063642,50,1093.397912
-50.04053,50,1093.569747
-50.007624,50,1093.725959
-50.022332,50,1122.205512
-50.037786,50,1122.361724
-50.03794,50,1122.533558
-50.029657,50,1122.705392
-50.022961,50,1122.877227
-50.040357,50,1123.064682
-50.030299,50,1123.22605
-50.02912,50,1123.397884
-50.034073,50,1123.569718
-50.040946,50,1123.725932
-50.041411,50,1152.040774
-50.024755,50,1152.213966
-50.040054,50,1152.385801
-50.040594,50,1152.557635
-50.043673,50,1152.729469
-50.041488,50,1152.886988
-50.035585,50,1153.074442
-50.051829,50,1153.246277
-50.024501,50,1153.433732
-50.043142,50,1153.574324
-50.019298,50,1182.151026
-50.03574,50,1182.324212
-50.028667,50,1182.480425
-50.035957,50,1182.652259
-50.038404,50,1182.824094
-50.037389,50,1182.980307
-50.033169,50,1183.152141
-50.027184,50,1183.320497
-50.01348,50,1183.492331
-50.035191,50,1183.648544
-50.042287,50,1212.198703
-50.013652,50,1212.371927
-50.016832,50,1212.543762
-50.018478,50,1212.715595
-50.043092,50,1212.888719
-50.048412,50,1213.060553
-50.019776,50,1213.248008
-50.044097,50,1213.41436
-50.027718,50,1213.601815
-50.039857,50,1213.726787
-50.022594,50,1242.30883
-50.035077,50,1242.482011
-50.025897,50,1242.653845
-50.034038,50,1242.810058
-50.040482,50,1242.981891
-50.023023,50,1243.153725
-50.01967,50,1243.325559
-50.044456,50,1243.497395
-50.039735,50,1243.653607
-50.027125,50,1243.794197
-50.095598,50,1272.340443
-50.014586,50,1272.513592
-50.034886,50,1272.685426
-50.010995,50,1272.857261
-50.038036,50,1273.044716
-50.021216,50,1273.21655
-50.024479,50,1273.388384
-50.030256,50,1273.560218
-50.040769,50,1273.732052
-50.027694,50,1273.872642
-50.026016,50,1302.162686
-50.040385,50,1302.33452
-50.033068,50,1302.492141
-50.036723,50,1302.663975
-50.024789,50,1302.85143
-50.03106,50,1303.023265
-50.046257,50,1303.195099
-50.047049,50,1303.366933
-50.037042,50,1303.538766
-50.034963,50,1303.679359
-50.044422,50,1332.219616
-50.033231,50,1332.391449
-50.02961,50,1332.549069
-50.047148,50,1332.720903
-50.037691,50,1332.894039
-50.043118,50,1333.050252
-50.032929,50,1333.222086
-50.04645,50,1333.378299
-50.043942,50,1333.565755
-50.05938,50,1333.721967
-50.059194,50,1362.408073
-50.040899,50,1362.565719
-50.048259,50,1362.753174
-50.033437,50,1362.909388
-50.030587,50,1363.081222
-50.044902,50,1363.268677
-50.023613,50,1363.424889
-50.038557,50,1363.596724
-50.042486,50,1363.768558
-50.019315,50,1363.90915
-50.017003,50,1392.496624
-50.030622,50,1392.669943
-50.011977,50,1392.841777
-50.024586,50,1393.029233
-50.134053,50,1393.201066
-50.026361,50,1393.372901
-50.04815,50,1393.529114
-50.026062,50,1393.71145
-50.028321,50,1393.867663
-50.044089,50,1394.023876
-50.025894,50,1422.319658
-50.020577,50,1422.507113
-50.029088,50,1422.680298
-50.029969,50,1422.852133
-50.026229,50,1423.023967
-50.028485,50,1423.195801
-50.033374,50,1423.367635
-50.116102,50,1423.55509
-50.028613,50,1423.722441
-50.025493,50,1423.847413
-50.020033,50,1452.115789
-50.019626,50,1452.287624
-50.030196,50,1452.459458
-50.028576,50,1452.61567
-50.029531,50,1452.78886
-50.016437,50,1452.991936
-50.021697,50,1453.14815
-50.010921,50,1453.335605
-50.110021,50,1453.50744
-50.03977,50,1453.648029
-50.047539,50,1482.047727
-50.02582,50,1482.203941
-50.064971,50,1482.391396
-50.009637,50,1482.56323
-50.033829,50,1482.719443
-50.006512,50,1482.891277
-50.055853,50,1483.078731
-50.015597,50,1483.234945
-50.035917,50,1483.408227
-50.018844,50,1483.564438
-50.034077,50,1511.930937
-50.054569,50,1512.102772
-50.023106,50,1512.258984
-50.017494,50,1512.446439
-50.030251,50,1512.618273
-50.013284,50,1512.79142
-50.020479,50,1512.978875
-50.022749,50,1513.150708
-50.088085,50,1513.322542
-50.102137,50,1513.464512
-50.036756,50,1542.003745
-50.047395,50,1542.159958
-50.097605,50,1542.347413
-50.014734,50,1542.503626
-50.046472,50,1542.691081
-50.0391,50,1542.862914
-50.028822,50,1543.019128
-50.037677,50,1543.206582
-50.04047,50,1543.378416
-50.037339,50,1543.520484
-50.042608,50,1572.021678
-50.01898,50,1572.193512
-50.033684,50,1572.365347
-50.028856,50,1572.52156
-50.014869,50,1572.693394
-50.096805,50,1572.880848
-50.018455,50,1573.037062
-50.047709,50,1573.208895
-50.024965,50,1573.380729
-50.026687,50,1573.538272
-50.067399,50,1602.130695
-50.020591,50,1602.302528
-50.035018,50,1602.458741
-50.018863,50,1602.630575
-50.035813,50,1602.8037
-50.206196,50,1602.991155
-50.025549,50,1603.162987
-50.07559,50,1603.334822
-50.02076,50,1603.506657
-50.020516,50,1603.648661
-50.018463,50,1632.207617
-50.016999,50,1632.36383
-50.087365,50,1632.551286
-50.081263,50,1632.72312
-50.024641,50,1632.879333
-50.034566,50,1633.051166
-50.048167,50,1633.238621
-50.067651,50,1633.410457
-50.079492,50,1633.597912
-50.032369,50,1633.738503
-50.033913,50,1662.458595
-50.090203,50,1662.64605
-50.090073,50,1662.803561
-50.01904,50,1662.991016
-50.021524,50,1663.162851
-50.064306,50,1663.334685
-50.138309,50,1663.506518
-50.098045,50,1663.725216
-50.024747,50,1663.865807
-50.088863,50,1664.023308
-50.079395,50,1692.589184
-50.138936,50,1692.777922
-50.040905,50,1692.934136
-50.058473,50,1693.12159
-50.099015,50,1693.309046
-50.039724,50,1693.465258
-50.05369,50,1693.637093
-50.038449,50,1693.808926
-50.061134,50,1693.984277
-50.077798,50,1694.124868
-50.079899,50,1722.781895
-50.017224,50,1722.953727
-50.096565,50,1723.125562
-50.084576,50,1723.313017
-50.080916,50,1723.484853
-50.032539,50,1723.641064
-50.052471,50,1723.812898
-50.031307,50,1723.984733
-50.04941,50,1724.140945
-50.057879,50,1724.297159
-50.082172,50,1753.027596
-50.012206,50,1753.19943
-50.097288,50,1753.371264
-50.031048,50,1753.543098
-50.042381,50,1753.69931
-50.080677,50,1753.871145
-50.160963,50,1754.070021
-50.077929,50,1754.241854
-50.059078,50,1754.398067
-50.111242,50,1754.554281
-50.098456,50,1783.059682
-50.017679,50,1783.215895
-50.017799,50,1783.387729
-50.11757,50,1783.590806
-50.05143,50,1783.747018
-50.021211,50,1783.918852
-50.020746,50,1784.075066
-50.179002,50,1784.2469
-50.132127,50,1784.434355
-50.029272,50,1784.574947
-50.047689,50,1813.057465
-50.104169,50,1813.24492
-50.121683,50,1813.416754
-50.020308,50,1813.572967
-50.085063,50,1813.760423
-50.026892,50,1813.916635
-50.053802,50,1814.083283
-50.048208,50,1814.255117
-50.12403,50,1814.439837
-50.102163,50,1814.564806
-50.019771,50,1843.384394
-50.122029,50,1843.58747
-50.099716,50,1843.743684
-50.067237,50,1843.93114
-50.127243,50,1844.114437
-50.0237,50,1844.28627
-50.029811,50,1844.473725
-50.022284,50,1844.64556
-50.039451,50,1844.801773
-50.040635,50,1844.942365
-50.068675,50,1873.76118
-50.053219,50,1873.933014
-50.026757,50,1874.098143
-50.00869,50,1874.269977
-50.022024,50,1874.42619
-50.008242,50,1874.598024
-50.069594,50,1874.78548
-50.136072,50,1874.972935
-50.135149,50,1875.144769
-50.024603,50,1875.300983
-50.132225,50,1904.152678
-50.033941,50,1904.29327
-50.129012,50,1904.480725
-50.215509,50,1904.652559
-50.12498,50,1904.824394
-50.029587,50,1904.996228
-50.032628,50,1905.168061
-50.074346,50,1905.357087
-50.022441,50,1905.528921
-50.038005,50,1905.685135
-50.01659,50,1934.459276
-50.098221,50,1934.63111
-50.023949,50,1934.802945
-50.120832,50,1934.990399
-50.098274,50,1935.177854
-50.018196,50,1935.335363
-50.140599,50,1935.507201
-50.136344,50,1935.694655
-50.01775,50,1935.866489
-50.024221,50,1935.99146
-50.047837,50,1965.003744
-50.057902,50,1965.175579
-50.0343,50,1965.333063
-50.032371,50,1965.5049
-50.09515,50,1965.676735
-50.031481,50,1965.832947
-50.183645,50,1966.004782
-50.015878,50,1966.160994
-48.126001,50,1966.332829
-50.109587,50,1966.504663
-50.051126,50,1995.4082
-50.041111,50,1995.564414
-50.057989,50,1995.736248
-50.092334,50,1995.908082
-50.099308,50,1996.095536
-50.107554,50,1996.267371
-50.032007,50,1996.439204
-50.025785,50,1996.611039
-50.163284,50,1996.784152
-50.036963,50,1996.940364
-50.158542,50,2025.90292
-50.072943,50,2026.059133
-50.084562,50,2026.230967
-50.026931,50,2026.38718
-50.026791,50,2026.559014
-50.137786,50,2026.747744
-50.124843,50,2026.935199
-50.145124,50,2027.107034
-50.037926,50,2027.263246
-50.050148,50,2027.403838
-50.023954,50,2056.269898
-50.142391,50,2056.441732
-50.052015,50,2056.629188
-50.172981,50,2056.80231
-50.019397,50,2056.958522
-50.036681,50,2057.114734
-50.025846,50,2057.286568
-50.144921,50,2057.458402
-50.048842,50,2057.630236
-50.167941,50,2057.787733
-50.070304,50,2086.64567
-50.027663,50,2086.801886
-50.041295,50,2086.958099
-50.089078,50,2087.114312
-50.1772,50,2087.301768
-50.090971,50,2087.473602
-50.041556,50,2087.645436
-50.016664,50,2087.817269
-50.12228,50,2087.989103
-50.096804,50,2088.146601
-50.058192,50,2116.881729
-50.164617,50,2117.070465
-50.050517,50,2117.226678
-50.145863,50,2117.414134
-50.147233,50,2117.585967
-50.062481,50,2117.74218
-50.144873,50,2117.929635
-50.034408,50,2118.071655
-50.176704,50,2118.260429
-50.032524,50,2118.416641
-50.057281,50,2147.366765
-50.355855,50,2147.548187
-50.07846,50,2147.72002
-50.023458,50,2147.891854
-50.065729,50,2148.064972
-50.012152,50,2148.226362
-50.15641,50,2148.429439
-50.147822,50,2148.602736
-50.038971,50,2148.774569
-50.015351,50,2148.91516
-50.149771,50,2177.721616
-50.040697,50,2177.90907
-50.144186,50,2178.065282
-50.092917,50,2178.237118
-50.049776,50,2178.393329
-50.150467,50,2178.582214
-50.11481,50,2178.769673
-50.052839,50,2178.941506
-50.122022,50,2179.097719
-50.104999,50,2179.238311
-50.017255,50,2208.113655
-50.021263,50,2208.259223
-50.014621,50,2208.431057
-50.22062,50,2208.60289
-50.100841,50,2208.791855
-50.031031,50,2208.948068
-50.084425,50,2209.135523
-50.025707,50,2209.307357
-50.059359,50,2209.463569
-50.01829,50,2209.607292
-50.223805,50,2238.539327
-50.017749,50,2238.71282
-50.191421,50,2238.884653
-50.141188,50,2239.057841
-50.052471,50,2239.214054
-50.074893,50,2239.401509
-50.105532,50,2239.56687
-50.056064,50,2239.744173
-50.040668,50,2239.900385
-50.159341,50,2240.087842
-50.090986,50,2269.008775
-50.104303,50,2269.18061
-50.049918,50,2269.336823
-50.098281,50,2269.508657
-50.127829,50,2269.686642
-50.077817,50,2269.858475
-50.006544,50,2270.03031
-50.042266,50,2270.202144
-50.010735,50,2270.358356
-50.163445,50,2270.53019
-50.014813,50,2299.431038
-50.037974,50,2299.602873
-50.053553,50,2299.764931
-50.134426,50,2299.936764
-50.201342,50,2300.12422
-50.017782,50,2300.296054
-50.120136,50,2300.467888
-50.023665,50,2300.624101
-50.013197,50,2300.795935
-50.013396,50,2300.936528
-50.215879,50,2329.966251
-50.043016,50,2330.138086
-50.138815,50,2330.325541
-45.133279,50,2330.512996
-24.460643,50,2330.700451
-50.209339,50,2330.872286
-50.107004,50,2331.059741
-50.191268,50,2331.215954
-50.027337,50,2331.372166
-50.041766,50,2331.512757
-12.364157,50,2360.44848
-13.195577,50,2360.635935
-50.074498,50,2360.807769
-50.084732,50,2360.963982
-50.039928,50,2361.120194
-50.046614,50,2361.276407
-50.026186,50,2361.432621
-50.182865,50,2361.620076
-50.338703,50,2361.807531
-50.007868,50,2361.948122
-50.026927,50,2391.074394
-50.012313,50,2391.230606
-50.080186,50,2391.38682
-50.225922,50,2391.574274
-50.025819,50,2391.730487
-50.207641,50,2391.917942
-33.125177,50,2392.09118
-50.359984,50,2392.278636
-50.070927,50,2392.434849
-50.215791,50,2392.606683
-50.182404,50,2421.629283
-50.289908,50,2421.816739
-50.070184,50,2421.989929
-50.027194,50,2422.146142
-50.479413,50,2422.333597
-50.234782,50,2422.505432
-42.400216,50,2422.692887
-50.140532,50,2422.864721
-21.131545,50,2423.052176
-10.475668,50,2423.208388
-50.016891,50,2452.205076
-50.080633,50,2452.376909
-50.190933,50,2452.548743
-50.127847,50,2452.720578
-50.237253,50,2452.892411
-50.158934,50,2453.079867
-50.062142,50,2453.23608
-50.069024,50,2453.392292
-39.205984,50,2453.564126
-50.265764,50,2453.720338
-50.078832,50,2482.880407
-14.22129,50,2483.052241
-50.112815,50,2483.224076
-50.396079,50,2483.397241
-50.077806,50,2483.569077
-50.199674,50,2483.740913
-50.082709,50,2483.912747
-21.257207,50,2484.08458
-50.22696,50,2484.272035
-16.34783,50,2484.44387
-50.243933,50,2513.64217
-50.470135,50,2513.829625
-50.192798,50,2514.01708
-50.095561,50,2514.188915
-50.02382,50,2514.360748
-50.124672,50,2514.532582
-50.048282,50,2514.673174
-50.204357,50,2514.862082
-33.218869,50,2515.050663
-50.172363,50,2515.206878
-50.068616,50,2544.310975
-50.010903,50,2544.451567
-50.139452,50,2544.6234
-50.122268,50,2544.795234
-46.216713,50,2544.984071
-46.197101,50,2545.155905
-50.154645,50,2545.327739
-15.199665,50,2545.499573
-50.154723,50,2545.687028
-50.150173,50,2545.845251
-50.175291,50,2575.052872
-50.198952,50,2575.2295
-9.304542,50,2575.401334
-50.228416,50,2575.588789
-50.238506,50,2575.760623
-14.29403,50,2575.938969
-50.274943,50,2576.126424
-50.290347,50,2576.298258
-50.251784,50,2576.470091
-50.073752,50,2576.610684
-15.31211,50,2605.341762
-50.442894,50,2605.513596
-50.203888,50,2605.701052
-50.286997,50,2605.876897
-50.214126,50,2606.048731
-50.186799,50,2606.220565
-13.276766,50,2606.392399
-50.076578,50,2606.564234
-13.443652,50,2606.736067
-50.179487,50,2606.87666
-24.192849,50,2635.717584
-11.246244,50,2635.89293
-11.272436,50,2636.097401
-12.346468,50,2636.269235
-50.343728,50,2636.441069
-14.202411,50,2636.628525
-50.031604,50,2636.769115
-14.375793,50,2636.956571
-25.367998,50,2637.128405
-50.155616,50,2637.268997
-50.031442,50,2666.222632
-20.313538,50,2666.394465
-50.277307,50,2666.581921
-15.466922,50,2666.753755
-10.312605,50,2666.925589
-50.196223,50,2667.081802
-50.065798,50,2667.238014
-50.024814,50,2667.378607
-15.398564,50,2667.551287
-50.020082,50,2667.707499
-49.268778,50,2696.925453
-50.076789,50,2697.081666
-50.206532,50,2697.269121
-21.242575,50,2697.440954
-50.27566,50,2697.614508
-50.241974,50,2697.786341
-10.306529,50,2697.958175
-50.063164,50,2698.114389
-50.085047,50,2698.270601
-13.349316,50,2698.442434
-9.227684,50,2727.567981
-10.213545,50,2727.739815
-16.25277,50,2727.911649
-16.206692,50,2728.099105
-30.182454,50,2728.270937
-38.269713,50,2728.442773
-15.205549,50,2728.626818
-50.198803,50,2728.814273
-16.390002,50,2728.986107
-16.252917,50,2729.142318
-8.20242,50,2758.365755
-40.218638,50,2758.53759
-18.19409,50,2758.709423
-19.196496,50,2758.881258
-10.224648,50,2759.053091
-12.527012,50,2759.240547
-50.19702,50,2759.39676
-18.301541,50,2759.584216
-10.244507,50,2759.75605
-50.57289,50,2759.912263
-14.339672,50,2789.034562
-11.2269,50,2789.206397
-12.211357,50,2789.393852
-50.237935,50,2789.581307
-50.19678,50,2789.753141
-9.202053,50,2789.924975
-42.457586,50,2790.09681
-17.352857,50,2790.269984
-11.227855,50,2790.449967
-11.385231,50,2790.637422
-34.272163,50,2819.525844
-50.384015,50,2819.7133
-50.239437,50,2819.885134
-10.327515,50,2820.072589
-20.364567,50,2820.245712
-8.265954,50,2820.436318
-50.172803,50,2820.597308
-11.317707,50,2820.784766
-10.288873,50,2820.9566
-24.261037,50,2821.112813
-50.103667,50,2850.151927
-10.295196,50,2850.340968
-50.270214,50,2850.534038
-10.298592,50,2850.722794
-11.254523,50,2850.92587
-9.26158,50,2851.113326
-11.366274,50,2851.300781
-50.019122,50,2851.456994
-50.21569,50,2851.630468
-9.248569,50,2851.817923
-50.412717,50,2880.63868
-50.369708,50,2880.812989
-50.103942,50,2881.000444
-50.309,50,2881.174034
-50.073287,50,2881.330247
-25.279572,50,2881.49833
-21.283959,50,2881.670166
-12.344087,50,2881.857623
-50.127538,50,2882.029457
-10.505329,50,2882.185668
-50.098577,50,2911.270935
-12.263139,50,2911.45839
-50.323638,50,2911.647316
-10.384327,50,2911.81915
-50.15629,50,2912.006605
-50.090885,50,2912.194061
-10.342026,50,2912.381516
-50.1064,50,2912.568971
-50.055673,50,2912.725185
-50.131291,50,2912.898671
-50.095122,50,2941.670299
-50.165726,50,2941.842133
-50.280171,50,2942.013967
-50.089182,50,2942.201423
-50.079556,50,2942.373257
-50.21219,50,2942.545091
-10.32685,50,2942.732546
-12.450331,50,2942.921407
-50.029945,50,2943.07762
-50.427096,50,2943.233831
-50.149431,50,2972.37855
-18.348608,50,2972.566005
-50.079945,50,2972.75346
-50.093513,50,2972.926723
-50.103179,50,2973.114179
-50.290673,50,2973.286014
-50.524031,50,2973.48909
-50.142613,50,2973.676545
-50.153489,50,2973.864001
-50.041942,50,2974.020215
-10.237503,50,3002.911343
-50.121642,50,3003.083176
-9.628741,50,3003.270632
-10.406619,50,3003.442466
-11.294845,50,3003.629921
-50.086959,50,3003.786134
-50.119557,50,3003.957968
-50.050676,50,3004.114181
-9.365051,50,3004.302936
-10.511491,50,3004.47477
-50.090029,50,3033.63016
-50.12587,50,3033.817616
-50.09411,50,3033.973827
-50.090439,50,3034.161283
-24.281921,50,3034.334448
-50.274153,50,3034.506282
-50.346054,50,3034.678117
-50.213039,50,3034.84995
-50.09355,50,3035.021785
-9.290197,50,3035.193618
-50.084226,50,3064.222383
-50.164118,50,3064.394217
-11.348922,50,3064.581672
-50.347236,50,3064.737885
-50.153176,50,3064.909719
-50.305886,50,3065.081553
-9.654713,50,3065.269008
-50.351293,50,3065.440843
-10.523633,50,3065.629684
-50.167411,50,3065.782429
-50.367207,50,3094.978882
-50.095827,50,3095.166337
-50.098971,50,3095.338172
-50.379113,50,3095.510005
-50.360719,50,3095.698763
-12.335406,50,3095.870597
-9.352649,50,3096.058052
-50.092844,50,3096.229886
-21.349393,50,3096.403148
-50.323075,50,3096.559364
-20.430065,50,3125.731774
-15.339292,50,3125.903608
-50.320087,50,3126.075442
-10.318969,50,3126.262897
-12.368393,50,3126.41911
-10.379444,50,3126.607912
-50.142193,50,3126.779747
-17.116985,50,3126.953538
-10.436626,50,3127.125374
-10.324885,50,3127.297207
-9.388897,50,3156.521517
-50.095604,50,3156.69335
-11.284271,50,3156.880806
-11.332016,50,3157.0482
-11.360031,50,3157.220034
-50.2124,50,3157.391867
-50.097718,50,3157.579324
-11.334214,50,3157.751157
-17.400032,50,3157.938613
-9.515657,50,3158.094826
-10.440078,50,3187.111828
-14.328483,50,3187.283663
-9.452202,50,3187.471117
-8.446325,50,3187.642951
-11.467082,50,3187.830407
-50.222764,50,3187.98662
-50.493707,50,3188.158454
-50.393818,50,3188.345908
-50.341507,50,3188.517743
-10.621194,50,3188.673955
-50.434727,50,3217.675714
-11.376548,50,3217.863169
-50.160594,50,3218.035003
-11.342791,50,3218.222459
-22.347162,50,3218.411216
-50.188481,50,3218.567429
-13.723042,50,3218.754884
-50.24831,50,3218.926718
-11.345163,50,3219.114173
-8.674751,50,3219.270385
-50.257046,50,3248.301708
-11.3344,50,3248.473541
-50.24441,50,3248.645375
-13.406895,50,3248.817209
-14.447351,50,3249.004664
-11.381793,50,3249.176498
-10.525291,50,3249.363955
-10.402141,50,3249.535788
-50.367324,50,3249.707622
-11.424272,50,3249.863835
-50.270115,50,3279.08444
-50.429069,50,3279.256272
-13.271386,50,3279.428106
-50.174661,50,3279.601229
-20.456487,50,3279.773063
-13.603091,50,3279.960517
-50.220787,50,3280.132351
-11.47491,50,3280.304185
-9.571237,50,3280.476019
-9.615173,50,3280.647853
-11.588571,50,3309.883129
-50.234081,50,3310.070585
-19.406548,50,3310.242419
-8.363588,50,3310.414253
-11.461023,50,3310.586086
-9.485994,50,3310.75792
-12.320714,50,3310.93118
-11.83673,50,3311.11978
-10.313237,50,3311.291614
-11.345275,50,3311.447827
-17.582186,50,3340.805546
-18.634126,50,3340.993001
-50.265696,50,3341.170021
-11.32243,50,3341.341855
-10.357064,50,3341.51369
-50.382192,50,3341.685523
-13.432544,50,3341.874346
-47.636904,50,3342.046181
-12.860154,50,3342.233636
-50.25694,50,3342.391168
-8.442769,50,3371.479978
-13.48611,50,3371.651812
-26.793016,50,3371.839268
-12.469761,50,3372.012433
-50.258258,50,3372.184267
-14.358803,50,3372.371721
-12.447834,50,3372.543555
-51.03414,50,3372.717044
-50.163843,50,3372.888879
-50.215011,50,3373.045091
-50.26579,50,3402.283936
-11.481593,50,3402.45577
-21.490381,50,3402.643226
-13.627853,50,3402.830681
-11.334741,50,3403.002515
-11.283098,50,3403.18997
-13.327665,50,3403.361805
-21.36109,50,3403.54926
-10.438643,50,3403.736716
-50.240682,50,3403.877307
-8.439317,50,3433.189685
-13.350253,50,3433.361521
-8.553518,50,3433.548975
-50.313304,50,3433.72081
-8.371119,50,3433.892644
-50.309361,50,3434.080098
-50.257992,50,3434.251934
-11.30199,50,3434.439389
-9.324118,50,3434.595602
-50.26656,50,3434.767436
-10.400391,50,3464.217277
-50.172273,50,3464.390413
-8.482939,50,3464.562247
-9.473787,50,3464.749703
-50.243523,50,3464.921536
-42.420474,50,3465.094661
-17.363287,50,3465.266494
-9.612657,50,3465.438329
-12.493383,50,3465.610163
-8.490784,50,3465.766375
-9.535179,50,3495.193636
-12.604189,50,3495.396713
-8.655604,50,3495.568547
-40.619612,50,3495.756003
-9.568958,50,3495.943458
-9.664177,50,3496.130913
-10.344314,50,3496.302747
-43.456495,50,3496.47596
-40.461923,50,3496.663416
-8.61587,50,3496.819628
-17.33526,50,3526.286542
-50.230755,50,3526.460034
-23.470205,50,3526.63187
-10.374208,50,3526.803703
-10.658166,50,3526.982597
-50.45156,50,3527.171446
-9.356901,50,3527.327662
-38.430929,50,3527.515118
-50.284392,50,3527.688279
-11.464384,50,3527.844492
-8.667233,50,3557.403651
-30.766199,50,3557.575485
-9.627982,50,3557.748642
-18.493648,50,3557.920477
-50.325219,50,3558.107932
-50.194187,50,3558.279766
-10.632037,50,3558.453056
-11.578006,50,3558.62489
-50.181198,50,3558.796723
-50.211256,50,3558.968558
-50.949756,50,3588.573375
-9.585368,50,3588.745209
-50.224265,50,3588.917043
-8.437055,50,3589.088877
-21.401289,50,3589.276333
-50.187773,50,3589.448167
-50.218453,50,3589.620002
-50.248122,50,3589.791836
-38.71632,50,3589.97929
-10.382206,50,3590.135503
-10.665544,50,3619.655953
-8.622361,50,3619.827786
-50.456685,50,3620.015242
-10.508946,50,3620.171454
-10.393229,50,3620.343288
-10.387692,50,3620.532048
-8.587659,50,3620.703882
-50.200644,50,3620.875716
-35.424444,50,3621.04755
-42.309999,50,3621.219385
-10.393016,50,3650.86094
-16.289545,50,3651.048396
-12.55988,50,3651.22023
-7.283991,50,3651.392065
-50.160239,50,3651.57402
-9.379382,50,3651.745854
-12.368199,50,3651.917688
-26.520214,50,3652.090867
-50.397742,50,3652.262701
-13.255698,50,3652.434534
-8.403073,50,3682.015327
-32.581691,50,3682.187161
-11.263613,50,3682.358996
-10.399263,50,3682.546451
-14.330783,50,3682.718285
-8.324024,50,3682.91139
-9.320315,50,3683.08456
-9.5899,50,3683.256397
-13.342495,50,3683.428231
-27.369324,50,3683.600066
-9.357928,50,3712.937343
-13.476546,50,3713.109176
-11.397033,50,3713.282395
-12.349542,50,3713.454229
-10.457696,50,3713.626062
-10.343743,50,3713.813519
-50.499317,50,3713.985353
-9.557232,50,3714.141565
-8.514309,50,3714.32902
-9.533997,50,3714.500854
-50.283628,50,3743.861653
-9.385337,50,3744.049109
-29.483088,50,3744.236564
-11.356681,50,3744.42402
-9.334556,50,3744.595853
-49.606226,50,3744.783308
-10.416103,50,3744.95003
-23.38126,50,3745.137486
-38.509789,50,3745.309321
-15.684517,50,3745.465534
-8.323063,50,3774.858255
-12.322496,50,3775.031496
-10.645579,50,3775.218951
-8.580889,50,3775.390786
-32.392638,50,3775.56262
-8.413596,50,3775.734453
-9.587044,50,3775.918103
-9.43299,50,3776.105558
-13.408277,50,3776.293013
-50.506731,50,3776.449227
-7.434883,50,3805.688736
-11.391473,50,3805.855805
-8.388208,50,3806.027639
-10.377938,50,3806.199472
-50.223549,50,3806.371307
-12.393711,50,3806.558763
-9.566586,50,3806.730597
-8.603897,50,3806.902431
-11.625944,50,3807.089886
-10.412504,50,3807.2461
-7.399348,50,3836.637398
-9.282912,50,3836.809232
-50.138829,50,3836.981066
-19.462663,50,3837.169851
-11.358812,50,3837.341688
-16.386494,50,3837.513522
-10.233467,50,3837.685356
-9.547611,50,3837.872811
-50.581727,50,3838.044646
-15.358707,50,3838.216479
-13.357483,50,3867.730957
-8.353514,50,3867.918413
-12.356436,50,3868.090246
-8.386301,50,3868.26208
-13.320549,50,3868.435309
-50.36979,50,3868.622768
-50.181611,50,3868.794601
-7.287608,50,3868.966436
-43.463188,50,3869.153891
-50.392762,50,3869.310103
-13.584851,50,3898.872499
-50.130989,50,3899.059958
-11.466639,50,3899.231791
-50.044637,50,3899.372383
-50.286023,50,3899.544217
-10.388969,50,3899.71605
-50.287477,50,3899.887885
-50.47884,50,3900.055216
-9.357075,50,3900.242671
-11.384754,50,3900.414505
-23.434008,50,3930.059977
-12.47028,50,3930.247431
-50.140374,50,3930.419266
-50.199643,50,3930.622343
-46.19315,50,3930.809798
-26.42264,50,3930.998564
-50.462385,50,3931.18602
-50.192822,50,3931.389096
-50.14224,50,3931.560931
-50.313721,50,3931.732765
-15.319736,50,3961.108478
-50.101251,50,3961.26469
-9.450494,50,3961.452146
-8.408802,50,3961.640109
-12.305996,50,3961.811944
-33.452793,50,3961.999398
-9.738361,50,3962.171233
-50.220943,50,3962.343067
-13.337819,50,3962.514901
-11.573946,50,3962.671113
-19.277221,50,3992.095314
-10.568825,50,3992.282769
-9.314252,50,3992.470225
-50.222316,50,3992.659153
-50.080145,50,3992.816631
-50.265198,50,3993.004087
-12.398058,50,3993.191542
-8.543442,50,3993.378997
-50.298005,50,3993.550831
-9.565541,50,3993.72405
-9.549072,50,4022.98411
-7.434678,50,4023.155944
-8.875628,50,4023.343908
-9.374116,50,4023.515742
-30.34799,50,4023.688975
-11.348461,50,4023.876429
-50.280358,50,4024.033931
-10.434797,50,4024.221385
-11.501861,50,4024.39322
-50.322395,50,4024.549435
-12.436299,50,4053.875238
-18.400099,50,4054.047072
-50.065044,50,4054.203285
-16.26751,50,4054.375119
-50.242158,50,4054.562575
-11.315165,50,4054.734409
-50.078543,50,4054.885272
-50.312306,50,4055.072727
-8.412883,50,4055.244562
-9.5077,50,4055.402131
-50.300693,50,4084.87075
-9.522291,50,4085.058206
-13.310894,50,4085.230039
-8.293311,50,4085.401874
-18.57095,50,4085.573707
-50.166242,50,4085.745541
-9.280804,50,4085.932997
-50.620986,50,4086.104831
-50.097826,50,4086.276665
-50.185102,50,4086.43288
-12.43051,50,4115.825831
-50.1153,50,4115.982044
-50.30442,50,4116.1695
-11.315282,50,4116.341334
-12.987582,50,4116.528789
-13.54373,50,4116.700623
-9.471208,50,4116.872457
-13.17036,50,4117.028671
-9.261476,50,4117.216125
-50.287055,50,4117.372338
-50.197417,50,4146.81045
-50.08605,50,4146.982284
-50.094607,50,4147.138496
-50.071881,50,4147.310331
-50.199028,50,4147.482165
-50.128929,50,4147.653998
-50.092807,50,4147.825833
-31.663782,50,4147.997667
-50.090593,50,4148.15388
-12.385735,50,4148.325715
-50.085124,50,4177.9118
-12.390008,50,4178.099255
-50.104403,50,4178.271089
-11.375212,50,4178.458545
-50.077803,50,4178.630379
-50.229764,50,4178.817834
-11.280436,50,4179.00529
-25.348539,50,4179.178645
-12.620452,50,4179.3661
-9.243039,50,4179.506691
-8.604206,50,4208.968788
-50.160067,50,4209.126339
-14.336024,50,4209.298173
-50.083532,50,4209.454386
-28.388087,50,4209.641841
-11.37129,50,4209.813675
-50.087009,50,4209.985509
-50.310445,50,4210.157343
-50.166825,50,4210.329178
-12.324472,50,4210.485392
-8.412799,50,4240.007458
-50.049817,50,4240.179292
-50.078986,50,4240.335505
-9.316023,50,4240.507338
-12.479752,50,4240.696076
-9.491098,50,4240.867909
-11.370271,50,4241.055364
-50.157679,50,4241.242821
-11.61663,50,4241.414654
-50.176806,50,4241.555245
-50.191527,50,4271.001964
-50.054588,50,4271.158177
-50.189816,50,4271.33001
-50.122391,50,4271.501844
-20.316913,50,4271.673678
-15.374828,50,4271.861134
-50.227164,50,4272.030039
-50.35371,50,4272.200387
-8.377908,50,4272.403465
-7.344981,50,4272.559677
-12.33284,50,4302.012693
-50.128525,50,4302.184527
-50.252511,50,4302.356361
-50.146943,50,4302.528196
-50.194594,50,4302.70003
-8.320866,50,4302.887486
-50.214083,50,4303.059319
-11.381478,50,4303.231153
-50.345621,50,4303.418608
-50.324257,50,4303.574821
-50.244183,50,4332.96799
-9.57753,50,4333.139824
-50.060258,50,4333.313317
-50.279008,50,4333.485152
-14.542567,50,4333.656986
-50.241832,50,4333.844441
-50.267961,50,4334.047518
-50.124408,50,4334.203731
-10.553447,50,4334.376965
-50.047547,50,4334.517558
-50.19593,50,4364.030853
-11.666654,50,4364.218308
-16.306013,50,4364.407109
-25.456457,50,4364.578943
-50.283467,50,4364.767761
-50.122683,50,4364.945217
-50.210849,50,4365.11705
-50.227527,50,4365.288885
-50.219272,50,4365.460718
-10.386821,50,4365.61693
-50.119654,50,4394.885556
-50.127018,50,4395.04177
-50.125463,50,4395.213604
-50.247702,50,4395.385438
-50.134061,50,4395.557273
-50.109935,50,4395.729107
-50.069406,50,4395.885319
-50.184102,50,4396.058493
-50.178339,50,4396.230331
-50.132463,50,4396.386542
-50.111026,50,4425.948021
-11.371581,50,4426.136925
-50.151345,50,4426.308758
-50.104332,50,4426.464971
-50.165566,50,4426.652427
-50.491596,50,4426.839881
-13.647323,50,4427.027338
-9.290095,50,4427.214793
-23.249515,50,4427.386626
-12.588787,50,4427.54284
-50.224612,50,4456.99655
-8.277584,50,4457.184006
-50.317861,50,4457.357157
-9.458922,50,4457.544613
-50.309461,50,4457.716447
-10.39209,50,4457.888281
-9.275713,50,4458.044494
-9.432498,50,4458.23195
-10.471068,50,4458.403784
-50.1277,50,4458.544375
-43.246284,50,4488.154932
-31.349397,50,4488.326765
-27.196642,50,4488.498599
-50.319251,50,4488.686055
-50.213888,50,4488.857889
-9.335082,50,4489.045346
-10.290233,50,4489.217178
-50.35307,50,4489.389012
-9.317596,50,4489.560847
-13.377823,50,4489.718517
-50.299965,50,4519.279568
-15.19528,50,4519.451401
-50.070258,50,4519.591992
-50.180554,50,4519.765251
-10.389237,50,4519.952707
-50.152708,50,4520.110209
-10.390158,50,4520.297665
-9.434254,50,4520.469499
-50.244754,50,4520.641333
-50.234737,50,4520.797545
-8.267404,50,4550.251315
-50.052962,50,4550.407527
-10.303736,50,4550.594982
-10.317523,50,4550.766816
-12.367357,50,4550.93865
-50.212782,50,4551.126106
-10.467675,50,4551.29794
-12.328737,50,4551.485395
-12.475218,50,4551.65723
-50.414856,50,4551.813442
-50.298108,50,4581.265755
-13.379692,50,4581.437588
-8.242885,50,4581.609423
-50.149625,50,4581.781258
-50.203811,50,4581.953091
-50.276637,50,4582.124925
-16.293118,50,4582.29676
-50.136685,50,4582.452972
-50.109906,50,4582.620335
-50.263705,50,4582.77053
-10.628152,50,4612.501765
-50.378648,50,4612.683753
-11.468657,50,4612.87121
-50.41192,50,4613.058664
-14.452231,50,4613.246119
-48.38361,50,4613.417955
-10.475575,50,4613.605409
-30.227511,50,4613.777243
-9.35571,50,4613.949079
-50.357026,50,4614.08967
-50.368552,50,4643.597172
-31.593492,50,4643.784627
-8.411173,50,4643.956461
-21.629016,50,4644.143916
-11.440172,50,4644.317122
-10.299868,50,4644.508215
-11.199762,50,4644.68005
-14.181864,50,4644.851883
-13.318339,50,4645.023718
-28.455654,50,4645.17993
-38.266604,50,4674.791375
-13.291281,50,4674.963209
-14.121949,50,4675.135042
-10.363742,50,4675.322498
-12.264093,50,4675.494333
-50.272605,50,4675.666166
-50.054088,50,4675.829389
-20.211794,50,4676.001223
-8.289093,50,4676.173058
-50.089924,50,4676.3306
-11.399757,50,4705.891991
-9.290338,50,4706.063825
-9.373481,50,4706.251281
-18.273982,50,4706.438736
-9.2939,50,4706.626191
-50.036364,50,4706.782404
-8.309726,50,4706.969859
-50.285413,50,4707.141693
-50.20594,50,4707.344771
-7.430916,50,4707.500982
-10.380713,50,4737.502593
-50.036113,50,4737.658806
-11.520865,50,4737.830641
-10.277266,50,4738.018096
-9.349651,50,4738.205551
-8.462719,50,4738.363081
-50.142993,50,4738.534916
-10.244059,50,4738.722371
-50.472186,50,4738.894205
-11.157921,50,4739.066039
-9.245562,50,4768.588176
-11.262767,50,4768.76001
-11.228923,50,4768.931845
-50.231875,50,4769.103679
-50.328996,50,4769.291133
-12.152549,50,4769.462969
-8.567999,50,4769.636091
-16.345241,50,4769.823547
-9.451217,50,4769.995381
-8.364703,50,4770.151593
-10.351364,50,4799.764971
-50.128384,50,4799.921184
-9.174763,50,4800.108639
-10.665664,50,4800.280474
-21.435413,50,4800.452307
-50.350903,50,4800.624142
-7.321635,50,4800.795976
-12.216684,50,4800.96912
-11.317565,50,4801.156575
-9.397222,50,4801.32841
-50.393067,50,4830.92162
-10.325331,50,4831.093458
-7.176874,50,4831.280913
-8.191276,50,4831.468368
-10.492114,50,4831.657168
-10.127516,50,4831.829001
-10.207746,50,4832.000836
-9.304406,50,4832.188291
-50.202021,50,4832.377382
-9.265924,50,4832.549216
-10.293401,50,4861.928036
-13.422264,50,4862.09987
-50.130182,50,4862.271704
-10.305683,50,4862.445496
-9.406793,50,4862.634487
-10.455871,50,4862.821943
-9.340466,50,4862.993776
-50.567147,50,4863.181231
-50.118431,50,4863.355275
-16.175654,50,4863.511488
-50.105534,50,4892.895494
-50.138688,50,4893.051707
-9.21744,50,4893.239162
-15.327426,50,4893.410996
-20.135453,50,4893.58283
-50.368564,50,4893.754665
-50.306958,50,4893.942119
-50.501232,50,4894.113955
-10.149075,50,4894.287078
-50.139397,50,4894.454594
-50.132335,50,4923.903618
-50.298113,50,4924.079571
-9.129547,50,4924.251404
-12.219134,50,4924.439796
-11.349763,50,4924.61163
-50.10231,50,4924.783464
-50.269191,50,4924.955298
-7.514182,50,4925.142754
-11.153659,50,4925.33021
-8.31226,50,4925.4708
-10.425404,50,4955.129661
-23.374293,50,4955.301494
-10.328714,50,4955.497083
-50.123933,50,4955.668917
-50.117582,50,4955.840751
-50.152401,50,4956.014389
-8.187432,50,4956.186222
-12.486962,50,4956.35944
-13.186297,50,4956.531274
-10.369011,50,4956.688831
-11.41921,50,4986.208659
-10.244326,50,4986.397414
-11.30243,50,4986.569249
-50.640007,50,4986.741083
-50.405183,50,4986.944159
-10.125065,50,4987.115994
-50.101837,50,4987.287827
-18.189916,50,4987.461018
-10.128227,50,4987.61723
-50.228407,50,4987.773443
-13.269387,50,5017.374142
-50.441971,50,5017.545979
-8.227955,50,5017.719099
-9.292984,50,5017.890933
-50.120141,50,5018.072881
-50.114761,50,5018.229095
-9.308183,50,5018.41655
-50.342208,50,5018.588383
-50.165933,50,5018.744596
-10.251368,50,5018.916432
-10.301516,50,5048.433387
-12.37946,50,5048.60522
-12.30794,50,5048.792675
-50.332842,50,5048.96451
-8.252298,50,5049.151965
-9.189135,50,5049.323799
-12.286374,50,5049.511255
-50.195143,50,5049.667467
-11.303434,50,5049.839301
-50.5848,50,5049.995515
-7.451992,50,5079.458369
-50.242893,50,5079.630203
-12.303792,50,5079.786417
-11.395692,50,5079.958251
-7.115967,50,5080.130085
-14.290776,50,5080.301918
-50.096388,50,5080.475044
-50.115224,50,5080.646878
-14.253969,50,5080.818712
-9.195713,50,5080.990548
-50.608433,50,5110.641041
-50.129221,50,5110.828495
-50.149414,50,5111.000329
-47.14979,50,5111.187785
-9.223862,50,5111.359618
-49.100878,50,5111.531454
-11.287521,50,5111.703287
-50.124523,50,5111.892136
-9.143491,50,5112.079592
-12.340603,50,5112.235805
-50.079788,50,5141.807792
-50.127854,50,5141.995247
-21.214353,50,5142.167082
-9.271027,50,5142.354537
-9.283081,50,5142.526371
-50.129959,50,5142.715206
-8.328142,50,5142.90266
-10.275466,50,5143.071018
-50.112625,50,5143.259749
-50.374148,50,5143.41596
-10.307433,50,5172.879112
-8.211097,50,5173.050947
-10.298867,50,5173.23975
-10.195448,50,5173.411584
-50.11775,50,5173.583419
-11.28948,50,5173.772534
-8.274673,50,5173.95999
-50.202515,50,5174.131823
-50.077178,50,5174.303657
-9.198101,50,5174.450589
-14.294736,50,5204.312345
-12.27435,50,5204.516825
-13.288603,50,5204.706739
-50.052557,50,5204.866739
-50.174455,50,5205.050738
-9.227268,50,5205.244517
-50.056072,50,5205.412516
-7.174401,50,5205.596516
-11.381898,50,5205.773833
-10.250678,50,5205.982742
52435
-50.293897,50,2570.956896
-50.254701,50,2572.3801
-50.322735,50,2573.832879
-50.319745,50,2577.079321
-50.249822,50,2578.516398
-43.528377,50,2579.937934
-50.312488,50,2581.345343
-48.412072,50,2582.786723
-50.319165,50,2584.192638
-50.326272,50,2585.632613
-50.354284,50,2587.055494
-50.219392,50,2588.469657
-50.346714,50,2589.892601
-48.520471,50,2591.315446
-38.434445,50,2592.755668
-50.278899,50,2594.145962
-50.281469,50,2595.592749
-50.34324,50,2597.014288
-30.456149,50,2598.455446
-49.424719,50,2599.878969
-45.513388,50,2601.291909
-50.263088,50,2602.699205
-42.669642,50,2604.137637
-45.278913,50,2607.314054
-39.592061,50,2608.754053
-28.576309,50,2610.192493
-49.592519,50,2611.640291
-47.454949,50,2613.095857
-50.447628,50,2614.533282
-50.277403,50,2615.937486
-31.502605,50,2617.375955
-50.342129,50,2618.799488
-50.250062,50,2620.20679
-50.382236,50,2621.65676
-50.329272,50,2623.079586
-47.554361,50,2624.502442
-50.348797,50,2625.909915
-50.436562,50,2627.348476
-32.535878,50,2628.786963
-50.553128,50,2630.22591
-50.475869,50,2631.650217
-38.402769,50,2633.073185
-36.598258,50,2634.496373
-50.308685,50,2637.707748
-50.289276,50,2639.144139
-50.421865,50,2640.608437
-43.45311,50,2642.031255
-50.329045,50,2643.454801
-50.256844,50,2644.893233
-30.468323,50,2646.348848
-34.550967,50,2647.78398
-25.559602,50,2649.23813
-33.472171,50,2650.662585
-50.561215,50,2652.101031
-22.472639,50,2653.539926
-42.436734,50,2654.978373
-45.655605,50,2656.416859
-41.450281,50,2657.847981
-42.744658,50,2659.286426
-43.360963,50,2660.714393
-50.290176,50,2662.137286
-50.501102,50,2663.591354
-50.294135,50,2665.031124
-50.394102,50,2668.285487
-50.254091,50,2669.724288
-50.328273,50,2671.17382
-48.426258,50,2672.67494
-17.530573,50,2674.129024
-38.473242,50,2675.565169
-50.393182,50,2677.003629
-50.365139,50,2678.42664
-50.330486,50,2679.865231
-40.512068,50,2681.299688
-28.59474,50,2682.739506
-38.565371,50,2684.17802
-50.280821,50,2685.597606
-50.270336,50,2687.051812
-25.462644,50,2688.506641
-50.378577,50,2689.945148
-50.319144,50,2691.385685
-26.491937,50,2692.839804
-36.513291,50,2694.278434
-19.440182,50,2695.718284
-50.381848,50,2698.973557
-50.291123,50,2700.410276
-50.404416,50,2701.889308
-36.608576,50,2703.327915
-50.291673,50,2704.75118
-31.61141,50,2706.206704
-24.716091,50,2707.645162
-50.462503,50,2709.085051
-35.596865,50,2710.534099
-44.462231,50,2711.956933
-50.452792,50,2713.396918
-50.361274,50,2714.835381
-50.503185,50,2716.300012
-50.289008,50,2717.73975
-25.566202,50,2719.168167
-33.434647,50,2720.61175
-50.362647,50,2722.050667
-39.434914,50,2723.47414
-47.744223,50,2724.912853
-41.583123,50,2726.36188
-50.32182,50,2729.595335
-50.514406,50,2731.080768
-26.524146,50,2732.566061
-46.426381,50,2734.013681
-36.529385,50,2735.455403
-50.433951,50,2736.910649
-50.382113,50,2738.333755
-50.623186,50,2739.796454
-37.399737,50,2741.252233
-50.374324,50,2742.690807
-42.7226,50,2744.144855
-28.502092,50,2745.581012
-50.445758,50,2747.033791
-50.292486,50,2748.475197
-50.390461,50,2749.912353
-30.523615,50,2751.364522
-50.26733,50,2752.803113
-50.428587,50,2754.257185
-50.366965,50,2755.698077
-27.566326,50,2757.144527
-50.503442,50,2760.396523
-28.567313,50,2761.836363
-50.244018,50,2763.243593
-50.414625,50,2764.71326
-33.578433,50,2766.153381
-38.533828,50,2767.60746
-50.527925,50,2769.055095
-50.313474,50,2770.479613
-50.364118,50,2771.93542
-49.396287,50,2773.374789
-47.605543,50,2774.828882
-31.448476,50,2776.270069
-26.564903,50,2777.724265
-26.637203,50,2779.153889
-35.403268,50,2780.599303
-30.579089,50,2782.053518
-50.409768,50,2783.492429
-16.583246,50,2784.930885
-40.713679,50,2786.377952
-32.518624,50,2787.820041
-50.671166,50,2791.137304
-50.313307,50,2792.574461
-27.600117,50,2794.027238
-30.490812,50,2795.450182
-31.492578,50,2796.857547
-50.431515,50,2798.275054
-50.264225,50,2799.680969
-48.501279,50,2801.12117
-50.307281,50,2802.559622
-24.546583,50,2803.982561
-28.57117,50,2805.419761
-33.763109,50,2806.858224
-27.71629,50,2808.291603
-42.56892,50,2809.714523
-33.697952,50,2811.170336
-50.220691,50,2812.577667
-50.507337,50,2814.031723
-29.571773,50,2815.470184
-32.614905,50,2816.895002
-27.48231,50,2818.33733
-50.323593,50,2821.58145
-41.3773,50,2823.037461
-30.55912,50,2824.466484
-26.544908,50,2825.905354
-50.310992,50,2827.326892
-50.320691,50,2828.760308
-50.637277,50,2830.213087
-50.31247,50,2831.656104
-20.56516,50,2833.095154
-34.729795,50,2834.533593
-40.610434,50,2835.969686
-50.457999,50,2837.443341
-37.652825,50,2838.887006
-50.237348,50,2840.294235
-31.517637,50,2841.752799
-50.330447,50,2843.175781
-31.575495,50,2844.629937
-50.315062,50,2846.050427
-50.387373,50,2847.499757
-37.53984,50,2848.947799
-29.49336,50,2852.302182
-23.55193,50,2853.757394
-50.288835,50,2855.150346
-36.457821,50,2856.590306
-50.248385,50,2857.99494
-25.620646,50,2859.449038
-30.673644,50,2860.873496
-50.621928,50,2862.297774
-45.437619,50,2863.720613
-35.528811,50,2865.143431
-30.517743,50,2866.567645
-50.382756,50,2867.990596
-38.695387,50,2869.413453
-49.647117,50,2870.837975
-22.612444,50,2872.26271
-50.32533,50,2873.668625
-50.304928,50,2875.090162
-27.569646,50,2876.550352
-21.459609,50,2877.989168
-50.545839,50,2879.426326
-50.712046,50,2882.685549
-50.376301,50,2884.123983
-38.525706,50,2885.562474
-50.566832,50,2887.017497
-50.246886,50,2888.443907
-23.669636,50,2889.884328
-50.67948,50,2891.315915
-23.530295,50,2892.756082
-50.310685,50,2894.194659
-19.512386,50,2895.648774
-50.509792,50,2897.08969
-22.505486,50,2898.539541
-50.346311,50,2899.948197
-50.279491,50,2901.392283
-50.470272,50,2902.846342
-50.461884,50,2904.28478
-29.731938,50,2905.724766
-48.440023,50,2907.145738
-33.551479,50,2908.600231
-34.663663,50,2910.047768
-30.588081,50,2913.367308
-21.688173,50,2914.79039
-50.572789,50,2916.213305
-25.527519,50,2917.635197
-50.27106,50,2919.05865
-28.525825,50,2920.481778
-50.333833,50,2921.905927
-50.271947,50,2923.328758
-32.60437,50,2924.751609
-50.238968,50,2926.191672
-50.229288,50,2927.600635
-50.317917,50,2929.040769
-50.289101,50,2930.461563
-36.692113,50,2931.903235
-31.650171,50,2933.326296
-50.395032,50,2934.733751
-50.295548,50,2936.160617
-29.621475,50,2937.601692
-50.379549,50,2939.008929
-27.782241,50,2940.464301
-50.300187,50,2943.686848
-50.332934,50,2945.125297
-37.673073,50,2946.563844
-28.561943,50,2948.00939
-50.377627,50,2949.447905
-50.3342,50,2950.861963
-46.643918,50,2952.331645
-50.264169,50,2953.754655
-21.521466,50,2955.224352
-50.210584,50,2956.633091
-50.289702,50,2958.103236
-50.323531,50,2959.556014
-25.494851,50,2960.99981
-50.343095,50,2962.423199
-36.411775,50,2963.877286
-38.604629,50,2965.331368
-31.526002,50,2966.771749
-50.405603,50,2968.198257
-50.404234,50,2969.66832
-23.577579,50,2971.157335
-35.528681,50,2974.488852
-49.442504,50,2975.923289
-30.430421,50,2977.354126
-37.589822,50,2978.776959
-47.634444,50,2980.215411
-29.559638,50,2981.658419
-31.5268,50,2983.081235
-50.31053,50,2984.504412
-50.23992,50,2985.922751
-50.329794,50,2987.36925
-50.437284,50,2988.792087
-50.335903,50,2990.214936
-44.613665,50,2991.660211
-19.561837,50,2993.098814
-50.359618,50,2994.52419
-50.313112,50,2995.955221
-50.293098,50,2997.401538
-28.703658,50,2998.840018
-29.559912,50,3000.263067
-51.040685,50,3001.723766
-50.370915,50,3004.943408
-50.349358,50,3006.405174
-20.559226,50,3007.870989
-27.586768,50,3009.310673
-50.416522,50,3010.750487
-23.760041,50,3012.20626
-25.61682,50,3013.644727
-50.326963,50,3015.083277
-50.298735,50,3016.523169
-50.354907,50,3017.966609
-50.308552,50,3019.406561
-23.611453,50,3020.853682
-27.9151,50,3022.277907
-39.91145,50,3023.717919
-49.2604,50,3025.15681
-50.257144,50,3026.57044
-50.310374,50,3028.013277
-43.726909,50,3029.483012
-50.327077,50,3030.938367
-50.329157,50,3032.394606
-50.347154,50,3035.677877
-50.247354,50,3037.143908
-50.354066,50,3038.55437
-24.584245,50,3040.009735
-50.439675,50,3041.442045
-38.49496,50,3042.881969
-50.383342,50,3044.3048
-24.452582,50,3045.758878
-50.314788,50,3047.182548
-50.591409,50,3048.637952
-32.606681,50,3050.060778
-26.649398,50,3051.514863
-50.319096,50,3052.923703
-30.597424,50,3054.393409
-50.272751,50,3055.834041
-47.659298,50,3057.278579
-50.340655,50,3058.701404
-34.814771,50,3060.139874
-23.639456,50,3061.59538
-28.604194,50,3063.016919
-50.325403,50,3066.251067
-51.150201,50,3067.700895
-29.616556,50,3069.139342
-15.574186,50,3070.593408
-50.356003,50,3072.0201
-50.521999,50,3073.474183
-46.327718,50,3074.912617
-50.55003,50,3076.36677
-50.304986,50,3077.794768
-50.339667,50,3079.234531
-34.701069,50,3080.69346
-18.561077,50,3082.135272
-50.275614,50,3083.590636
-50.613257,50,3085.029113
-39.694119,50,3086.476142
-50.349822,50,3087.891578
-50.574785,50,3089.361426
-23.606089,50,3090.831155
-50.38093,50,3092.31647
-31.571067,50,3093.786409
-15.525519,50,3097.059243
-50.323255,50,3098.498972
-50.310785,50,3099.968656
-50.320975,50,3101.407107
-50.33134,50,3102.86294
-48.407682,50,3104.301368
-26.550052,50,3105.755438
-50.354056,50,3107.189394
-25.661026,50,3108.640966
-50.660686,50,3110.079479
-31.76113,50,3111.516661
-23.591894,50,3112.95679
-31.701218,50,3114.410978
-26.633946,50,3115.849456
-50.621374,50,3117.29694
-50.279519,50,3118.735434
-27.562209,50,3120.189502
-31.608186,50,3121.642519
-36.670285,50,3123.090173
-21.610264,50,3124.527654
-33.655878,50,3127.765845
-33.62455,50,3129.219934
-29.66132,50,3130.674448
-50.316417,50,3132.100183
-50.62299,50,3133.554306
-29.647784,50,3134.992825
-41.46277,50,3136.446902
-29.631276,50,3137.891617
-26.636992,50,3139.332421
-50.298627,50,3140.778309
-50.787545,50,3142.220016
-27.47883,50,3143.672794
-33.622217,50,3145.109952
-50.652939,50,3146.555016
-38.543949,50,3148.001556
-50.313807,50,3149.440472
-50.427819,50,3150.911578
-30.673458,50,3152.392516
-31.638086,50,3153.862615
-30.569634,50,3155.299773
-50.3433,50,3158.549135
-31.700832,50,3160.003274
-50.533272,50,3161.457335
-41.636335,50,3162.897378
-31.625426,50,3164.335827
-20.53363,50,3165.790371
-29.512906,50,3167.235796
-50.410923,50,3168.67425
-37.6779,50,3170.128829
-50.430874,50,3171.572592
-20.543467,50,3173.028293
-21.771831,50,3174.451134
-50.58512,50,3175.875557
-29.593044,50,3177.314469
-29.699319,50,3178.753336
-27.495876,50,3180.176167
-33.583597,50,3181.616838
-23.599746,50,3183.055284
-30.689598,50,3184.495062
-38.768366,50,3185.920373
-25.669643,50,3189.142595
-50.46093,50,3190.581053
-50.516674,50,3192.020882
-50.238079,50,3193.445437
-23.566032,50,3194.883923
-32.645528,50,3196.32237
-50.357057,50,3197.754238
-32.567013,50,3199.180055
-22.616611,50,3200.623945
-50.320503,50,3202.04819
-40.711013,50,3203.471116
-50.566559,50,3204.909581
-30.692603,50,3206.346187
-50.42205,50,3207.785552
-50.716638,50,3209.208427
-33.611549,50,3210.67824
-43.648949,50,3212.159271
-50.553418,50,3213.614872
-50.327773,50,3215.037779
-15.517688,50,3216.476528
-34.635693,50,3219.723402
-50.611485,50,3221.169164
-50.347954,50,3222.59464
-50.258516,50,3224.033139
-21.515173,50,3225.47187
-50.698311,50,3226.912483
-50.994792,50,3228.349117
-23.60558,50,3229.787628
-33.734017,50,3231.226061
-28.601452,50,3232.650335
-26.726781,50,3234.088797
-24.676146,50,3235.528943
-17.469483,50,3236.979119
-24.510226,50,3238.427311
-50.624496,50,3239.86578
-31.546495,50,3241.305456
-50.434823,50,3242.745322
-27.62336,50,3244.183763
-48.670084,50,3245.638232
-41.481831,50,3247.078016
-25.66353,50,3250.365298
-27.581626,50,3251.811783
-34.560255,50,3253.26857
-50.435007,50,3254.723028
-22.652233,50,3256.161566
-17.803497,50,3257.614282
-20.556229,50,3259.02338
-43.725148,50,3260.465772
-26.630046,50,3261.907214
-50.653898,50,3263.345831
-22.559427,50,3264.768692
-50.624348,50,3266.205158
-38.693562,50,3267.662797
-27.710218,50,3269.116855
-37.676727,50,3270.555327
-45.572377,50,3272.03934
-27.547351,50,3273.509243
-50.529364,50,3274.963649
-34.614142,50,3276.41785
-26.575763,50,3277.880266
-33.369949,50,3281.132113
-23.580629,50,3282.577811
-21.481194,50,3284.03188
-46.49134,50,3285.485939
-30.7057,50,3286.939995
-50.450037,50,3288.398352
-22.741666,50,3289.836826
-50.578338,50,3291.283421
-27.594281,50,3292.73758
-21.711024,50,3294.191643
-50.318502,50,3295.630193
-45.778188,50,3297.087123
-25.652879,50,3298.538258
-50.333679,50,3299.961402
-50.328395,50,3301.431136
-50.56374,50,3302.89344
-50.607153,50,3304.331899
-50.363518,50,3305.77166
-28.597052,50,3307.240506
-50.449156,50,3308.679003
-31.662328,50,3311.947707
-43.27844,50,3313.405045
-50.434977,50,3314.843509
-24.635927,50,3316.297573
-31.652261,50,3317.741801
-44.576127,50,3319.18028
-27.671578,50,3320.639705
-50.332762,50,3322.09603
-50.623821,50,3323.551505
-24.585809,50,3325.005568
-29.604934,50,3326.454731
-25.57305,50,3327.914335
-50.497611,50,3329.352823
-50.390409,50,3330.822504
-25.508335,50,3332.304831
-20.594784,50,3333.776072
-50.451509,50,3335.230503
-47.55353,50,3336.68458
-50.457113,50,3338.147344
-50.628534,50,3339.585769
-28.630899,50,3342.844184
-18.611514,50,3344.313867
-30.602185,50,3345.767931
-26.573062,50,3347.204881
-31.55103,50,3348.64942
-20.529254,50,3350.08799
-50.593398,50,3351.515503
-26.545359,50,3352.953943
-50.510628,50,3354.392469
-37.698722,50,3355.846578
-20.614122,50,3357.289361
-25.712065,50,3358.727951
-32.578062,50,3360.166475
-41.616108,50,3361.609762
-50.335519,50,3363.036479
-50.605442,50,3364.490552
-50.540532,50,3365.945001
-50.515643,50,3367.382919
-24.556735,50,3368.821365
-22.56225,50,3370.27544
-14.645906,50,3373.560592
-29.598315,50,3375.009018
-27.633579,50,3376.451707
-50.598379,50,3377.885391
-49.483173,50,3379.323899
-50.614488,50,3380.767746
-50.415087,50,3382.219463
-50.434898,50,3383.657923
-33.608045,50,3385.111983
-50.407349,50,3386.531404
-50.551828,50,3387.97934
-31.496226,50,3389.433557
-26.800171,50,3390.872016
-35.551782,50,3392.362564
-24.652205,50,3393.865098
-50.447859,50,3395.305203
-50.658491,50,3396.750751
-24.583338,50,3398.196066
-27.584113,50,3399.634764
-28.482125,50,3401.075862
-31.639778,50,3404.361565
-41.570908,50,3405.798723
-20.76407,50,3407.260089
-33.552776,50,3408.712867
-50.663012,50,3410.165647
-25.737606,50,3411.618425
-35.49124,50,3413.072544
-23.637882,50,3414.516794
-50.76329,50,3415.969574
-50.391908,50,3417.434455
-36.547634,50,3418.889832
-17.686078,50,3420.343961
-48.550352,50,3421.783075
-19.536388,50,3423.235809
-21.537213,50,3424.705505
-28.621612,50,3426.158171
-23.559665,50,3427.604045
-24.533132,50,3429.058271
-30.565913,50,3430.528348
-50.370763,50,3431.966798
-26.621208,50,3435.236072
-19.735701,50,3436.703285
-50.487192,50,3438.154027
-22.579753,50,3439.608097
-50.651301,50,3441.062168
-48.594305,50,3442.516237
-23.688159,50,3443.9703
-40.63058,50,3445.424361
-29.694054,50,3446.89035
-20.519189,50,3448.343395
-36.594919,50,3449.797555
-39.688116,50,3451.285661
-21.775583,50,3452.783821
-23.56743,50,3454.255058
-19.562174,50,3455.709155
-28.601541,50,3457.161932
-50.362827,50,3458.606407
-50.398328,50,3460.074807
-50.396049,50,3461.543207
-25.593984,50,3462.997504
-48.632365,50,3466.281877
-50.662642,50,3467.746926
-22.57663,50,3469.217012
-50.544069,50,3470.671155
-23.524969,50,3472.127639
-39.61102,50,3473.582064
-19.802758,50,3475.036129
-50.650114,50,3476.509316
-26.662845,50,3477.965835
-23.524518,50,3479.4199
-39.656123,50,3480.889609
-16.637746,50,3482.343849
-25.565367,50,3483.799358
-22.889595,50,3485.253438
-23.687947,50,3486.707578
-30.669117,50,3488.153851
-20.6266,50,3489.623788
-21.661046,50,3491.062232
-34.590903,50,3492.533573
-37.472493,50,3493.973796
-31.614849,50,3497.261883
-31.72129,50,3498.717396
-49.624484,50,3500.171452
-18.737085,50,3501.631051
-25.587613,50,3503.086598
-46.149287,50,3504.540687
-34.618166,50,3505.991307
-50.485173,50,3507.451419
-26.518032,50,3508.889863
-24.573505,50,3510.347045
-43.671337,50,3511.855228
-33.719403,50,3513.358064
-31.753187,50,3514.827847
-32.566853,50,3516.283456
-46.536564,50,3517.733061
-50.681656,50,3519.203138
-21.669,50,3520.673245
-18.590712,50,3522.142929
-29.765173,50,3523.597062
-19.663973,50,3525.066798
-42.63112,50,3528.344373
-28.709165,50,3529.814059
-50.545121,50,3531.299383
-50.48081,50,3532.758528
-33.763231,50,3534.228245
-50.430671,50,3535.682614
-28.768232,50,3537.165819
-34.566137,50,3538.61999
-43.871015,50,3540.089678
-36.600777,50,3541.555585
-50.974798,50,3543.030372
-28.619325,50,3544.484472
-46.650467,50,3545.943562
-29.685746,50,3547.40321
-31.580176,50,3548.874388
-50.551737,50,3550.328454
-50.574878,50,3551.793778
-34.575639,50,3553.249757
-50.473438,50,3554.703911
-31.54134,50,3556.176673
-50.556646,50,3559.437196
-22.685116,50,3560.906957
-24.619657,50,3562.376707
-26.71972,50,3563.857431
-48.684404,50,3565.318595
-20.739569,50,3566.782184
-27.569199,50,3568.237927
-39.692366,50,3569.692011
-32.61002,50,3571.178747
-28.687927,50,3572.680173
-33.575841,50,3574.165792
-16.602194,50,3575.631675
-35.518823,50,3577.087238
-32.626194,50,3578.557089
-23.574498,50,3580.026847
-28.616748,50,3581.481341
-42.601717,50,3582.951057
-19.719865,50,3584.422223
-20.724356,50,3585.89814
-18.547036,50,3587.352197
-32.603981,50,3590.635383
-24.601687,50,3592.090743
-50.553381,50,3593.562501
-29.538669,50,3595.032205
-47.581195,50,3596.495157
-36.638347,50,3597.951415
-21.639593,50,3599.422774
-28.765156,50,3600.892583
-36.530167,50,3602.341642
-50.524199,50,3603.812742
-22.652934,50,3605.272995
-46.694932,50,3606.733226
-50.540248,50,3608.204485
-34.562565,50,3609.672887
-28.533865,50,3611.12694
-31.605511,50,3612.596634
-44.627059,50,3614.068306
-26.542925,50,3615.524244
-50.63839,50,3616.994718
-34.538093,50,3618.436181
-34.633171,50,3621.734885
-41.605016,50,3623.209751
-23.569856,50,3624.66253
-29.642815,50,3626.134466
-24.628222,50,3627.588597
-50.487848,50,3629.060251
-26.470515,50,3630.529996
-48.669233,50,3632.025644
-25.666389,50,3633.54172
-17.682354,50,3635.01152
-24.663293,50,3636.473237
-32.548903,50,3637.933522
-25.631532,50,3639.403554
-26.471528,50,3640.857617
-21.721269,50,3642.327372
-25.507409,50,3643.798661
-32.585316,50,3645.259746
-28.58594,50,3646.729815
-50.587058,50,3648.185358
-38.68618,50,3649.641186
-33.533264,50,3652.950038
-26.467875,50,3654.404322
-41.641046,50,3655.869558
-32.546063,50,3657.324381
-24.535428,50,3658.797558
-23.612786,50,3660.251632
-28.649431,50,3661.731099
-31.609439,50,3663.201339
-33.626186,50,3664.657546
-34.690314,50,3666.135338
-28.721527,50,3667.591972
-18.562403,50,3669.061796
-27.587383,50,3670.531481
-18.554975,50,3671.997669
-24.638628,50,3673.455261
-30.58035,50,3674.909749
-50.582493,50,3676.386288
-21.659507,50,3677.858658
-36.41877,50,3679.328468
-48.630108,50,3680.796867
-31.464532,50,3684.084324
-27.534485,50,3685.541132
-33.512248,50,3687.015944
-35.679545,50,3688.485734
-25.723742,50,3689.938515
-44.712959,50,3691.422536
-29.668045,50,3692.923478
-33.626007,50,3694.379647
-28.518859,50,3695.825157
-31.563302,50,3697.26361
-31.735006,50,3698.717833
-49.573887,50,3700.156354
-50.499297,50,3701.610413
-50.575281,50,3703.066609
-20.651575,50,3704.506501
-46.588837,50,3705.949579
-33.546469,50,3707.404186
-16.62291,50,3708.844164
-21.519492,50,3710.298237
-22.676402,50,3711.74881
-23.543973,50,3714.985114
-34.72289,50,3716.433257
-33.573187,50,3717.875847
-28.554231,50,3719.315628
-20.597783,50,3720.769703
-37.681451,50,3722.229212
-27.640179,50,3723.695955
-22.677834,50,3725.151321
-33.544084,50,3726.60541
-31.606157,50,3728.059693
-50.510696,50,3729.529428
-33.729314,50,3730.983475
-29.537723,50,3732.421959
-25.536507,50,3733.895946
-32.541236,50,3735.356863
-26.607642,50,3736.810992
-50.61087,50,3738.282017
-21.556242,50,3739.740704
-50.558841,50,3741.1948
-43.653088,50,3742.650625
-50.678291,50,3745.949792
-24.501515,50,3747.401839
-50.711174,50,3748.858607
-26.681472,50,3750.31268
-50.674487,50,3751.809622
-32.690215,50,3753.298419
-26.550554,50,3754.754982
-34.743961,50,3756.201891
-21.526024,50,3757.67159
-34.595975,50,3759.125652
-35.585884,50,3760.581543
-50.575645,50,3762.035608
-21.662409,50,3763.506697
-27.793584,50,3764.960769
-24.928867,50,3766.42142
-50.58657,50,3767.864456
-29.477423,50,3769.305622
-30.688824,50,3770.744281
-22.55908,50,3772.182738
-26.623212,50,3773.638484
-34.620095,50,3776.917863
-32.713901,50,3778.371964
-36.661277,50,3779.811867
-24.579994,50,3781.266374
-22.592236,50,3782.715233
-37.463217,50,3784.170786
-27.543361,50,3785.624652
-50.575995,50,3787.061811
-24.7873,50,3788.514589
-28.61125,50,3789.968859
-39.559429,50,3791.406018
-48.707234,50,3792.875712
-50.733403,50,3794.317555
-50.840921,50,3795.783199
-23.717667,50,3797.218687
-17.636615,50,3798.675477
-21.609495,50,3800.116012
-50.506887,50,3801.570088
-25.602244,50,3803.024173
-30.689934,50,3804.484231
-44.753927,50,3807.745978
-50.463916,50,3809.186209
-32.590274,50,3810.65635
-20.481178,50,3812.126191
-50.537383,50,3813.614445
-39.551026,50,3815.071443
-42.47683,50,3816.535102
-46.555248,50,3817.973608
-30.610891,50,3819.429109
-26.619593,50,3820.869133
-25.48233,50,3822.307627
-50.547803,50,3823.747656
-50.510151,50,3825.206221
-21.644739,50,3826.660334
-50.517213,50,3828.106107
-26.598669,50,3829.567077
-16.577526,50,3831.021238
-29.60872,50,3832.492309
-40.544342,50,3833.947732
-42.607862,50,3835.410468
-50.489381,50,3838.686617
-17.71974,50,3840.156307
-45.453571,50,3841.6109
-27.495075,50,3843.077508
-35.545864,50,3844.537682
-43.477706,50,3846.004557
-50.515886,50,3847.467866
-50.760876,50,3848.938934
-28.678802,50,3850.410132
-50.484449,50,3851.864648
-45.680521,50,3853.329799
-50.450045,50,3854.799672
-50.408396,50,3856.254578
-28.660524,50,3857.717832
-20.688268,50,3859.189126
-38.483079,50,3860.643246
-27.654051,50,3862.110916
-26.527364,50,3863.569243
-27.628068,50,3865.024717
-27.522018,50,3866.495302
-50.397356,50,3869.778741
-50.665897,50,3871.248444
-50.559409,50,3872.750962
-49.628111,50,3874.254987
-50.426105,50,3875.741022
-39.562158,50,3877.189065
-35.573926,50,3878.658756
-50.747438,50,3880.114319
-36.560511,50,3881.569891
-50.630325,50,3883.02401
-50.758239,50,3884.493862
-36.654165,50,3885.944371
-35.606087,50,3887.414429
-46.565967,50,3888.869917
-37.57764,50,3890.323992
-30.736223,50,3891.793689
-50.739737,50,3893.249808
-50.584056,50,3894.720938
-50.296252,50,3896.182822
-50.417072,50,3897.635602
-16.6282,50,3900.978235
-34.564613,50,3902.454812
-34.640026,50,3903.925322
-26.713812,50,3905.382096
-29.611883,50,3906.850496
-49.571888,50,3908.322923
-37.556415,50,3909.778387
-28.648377,50,3911.248135
-21.489613,50,3912.717936
-47.50612,50,3914.175939
-40.572024,50,3915.648736
-46.624506,50,3917.118436
-50.651258,50,3918.573946
-20.615972,50,3920.045088
-28.56538,50,3921.514827
-50.527613,50,3922.970287
-32.625988,50,3924.445718
-26.641337,50,3925.911882
-24.691771,50,3927.386085
-31.596668,50,3928.841516
-17.578515,50,3932.185781
-33.608107,50,3933.669886
-47.485053,50,3935.11685
-50.454463,50,3936.569629
-24.558411,50,3938.01178
-50.437508,50,3939.450313
-28.586655,50,3940.920382
-29.474716,50,3942.374451
-22.736948,50,3943.829957
-50.616826,50,3945.288845
-33.817836,50,3946.741624
-50.312568,50,3948.194403
-34.608158,50,3949.679718
-29.641789,50,3951.132498
-33.557317,50,3952.58705
-23.636081,50,3954.056807
-35.820576,50,3955.524853
-50.616302,50,3956.980028
-50.493835,50,3958.434122
-24.565086,50,3959.888269
-50.342379,50,3963.155372
-25.587113,50,3964.628263
-37.507496,50,3966.086797
-49.631083,50,3967.547374
-41.707832,50,3969.002866
-50.30225,50,3970.472567
-24.637118,50,3971.926627
-42.641488,50,3973.398114
-50.609672,50,3974.867892
-19.649459,50,3976.321398
-37.596474,50,3977.776128
-31.581026,50,3979.23395
-32.514579,50,3980.688003
-50.247701,50,3982.121004
-34.530464,50,3983.606314
-50.369666,50,3985.062413
-50.489439,50,3986.511831
-35.601973,50,3987.951716
-28.690905,50,3989.405809
-50.490669,50,3990.828656
-26.572336,50,3994.225437
-30.569112,50,3995.682657
-48.605186,50,3997.121545
-50.681024,50,3998.575614
-50.259191,50,3999.999983
-33.615199,50,4001.469921
-33.510523,50,4002.923997
-50.384215,50,4004.362547
-50.481265,50,4005.807226
-50.325406,50,4007.261581
-21.555214,50,4008.715811
-27.58591,50,4010.155717
-50.572547,50,4011.609815
-50.344464,50,4013.044817
-50.580817,50,4014.500253
-39.595471,50,4015.962918
-37.611009,50,4017.41931
-50.33062,50,4018.842127
-43.481404,50,4020.311819
-50.467755,50,4021.767894
-50.319733,50,4025.018071
-22.49623,50,4026.477811
-50.414692,50,4027.921778
-50.392988,50,4029.361907
-35.555405,50,4030.81597
-30.431653,50,4032.27003
-50.554227,50,4033.710248
-50.265826,50,4035.136038
-33.627202,50,4036.62135
-48.522421,50,4038.059788
-50.283131,50,4039.486709
-47.583661,50,4040.956418
-23.669058,50,4042.403108
-26.630576,50,4043.859058
-50.444393,50,4045.307182
-50.297205,50,4046.762272
-50.286799,50,4048.217506
-29.578207,50,4049.673128
-50.672341,50,4051.158862
-50.630105,50,4052.638926
-35.660988,50,4055.917632
-21.669497,50,4057.373859
-50.331727,50,4058.796707
-35.524909,50,4060.283714
-43.646239,50,4061.722166
-50.609917,50,4063.187705
-50.392831,50,4064.643891
-47.814045,50,4066.12233
-50.616967,50,4067.562729
-50.351694,50,4069.016808
-50.462609,50,4070.486608
-50.365428,50,4071.940714
-49.62797,50,4073.426155
-37.557139,50,4074.880394
-50.278954,50,4076.30929
-50.423277,50,4077.777691
-50.944235,50,4079.263786
-50.390392,50,4080.719494
-33.599083,50,4082.19059
-25.61861,50,4083.65899
-29.635009,50,4086.902833
-23.568046,50,4088.375608
-50.459998,50,4089.831244
-50.635777,50,4091.300953
-32.696948,50,4092.764402
-50.463307,50,4094.22155
-34.757819,50,4095.668088
-50.370183,50,4097.106532
-28.579727,50,4098.562094
-50.71558,50,4100.021393
-50.453014,50,4101.444218
-41.567624,50,4102.905215
-32.541946,50,4104.376682
-50.610846,50,4105.824595
-20.541733,50,4107.277929
-50.321092,50,4108.702498
-35.599047,50,4110.17351
-50.567834,50,4111.65897
-50.510793,50,4113.145249
-50.48518,50,4114.616377
-50.454632,50,4117.87222
-50.513101,50,4119.343322
-34.661777,50,4120.797379
-50.38569,50,4122.235908
-36.587855,50,4123.718004
-50.456041,50,4125.153146
-50.527937,50,4126.637167
-50.482918,50,4128.076506
-27.576748,50,4129.530581
-50.426537,50,4130.998982
-50.49222,50,4132.452688
-41.355673,50,4133.905468
-50.566038,50,4135.356353
-29.602806,50,4136.825021
-50.31463,50,4138.279178
-19.566716,50,4139.735597
-50.572572,50,4141.194649
-50.473369,50,4142.669461
-49.295483,50,4144.108114
-23.338392,50,4145.575042
-36.491249,50,4148.809973
-50.451888,50,4150.265485
-28.550686,50,4151.735255
-50.396845,50,4153.185568
-45.507204,50,4154.658827
-19.666261,50,4156.122115
-29.54685,50,4157.592033
-50.322383,50,4159.048824
-20.518054,50,4160.540073
-35.513628,50,4161.99416
-45.332483,50,4163.454392
-50.497338,50,4164.91048
-25.579457,50,4166.388031
-24.670698,50,4167.84261
-18.620718,50,4169.313731
-50.315359,50,4170.767836
-50.465177,50,4172.284741
-50.519542,50,4173.754704
-50.450885,50,4175.220428
-50.410881,50,4176.692066
-45.566355,50,4179.97533
-50.382416,50,4181.445034
-50.405102,50,4182.883479
-50.391691,50,4184.372684
-50.393294,50,4185.830161
-50.381733,50,4187.284691
-50.36962,50,4188.745447
-31.595161,50,4190.215268
-48.5424,50,4191.684964
-50.334326,50,4193.119832
-50.363558,50,4194.591101
-50.342696,50,4196.076002
-50.218301,50,4197.497539
-35.487747,50,4198.98156
-50.418779,50,4200.435799
-22.607226,50,4201.916896
-50.375492,50,4203.374092
-50.429629,50,4204.798367
-50.391242,50,4206.269162
-49.411373,50,4207.733387
-50.309598,50,4211.002261
-23.611342,50,4212.472062
-20.624187,50,4213.943778
-50.413907,50,4215.393331
-50.369494,50,4216.831803
-41.319518,50,4218.3015
-49.431186,50,4219.788576
-31.562042,50,4221.245516
-50.347391,50,4222.686205
-50.398789,50,4224.162796
-50.493142,50,4225.612411
-50.395306,50,4227.075987
-50.436314,50,4228.545714
-50.245662,50,4230.001239
-50.445254,50,4231.472285
-30.567408,50,4232.957961
-50.343167,50,4234.445719
-50.458297,50,4235.879203
-29.537654,50,4237.34895
-50.347922,50,4238.787653
-33.546526,50,4242.039504
-50.480859,50,4243.493596
-50.37347,50,4244.933436
-50.523972,50,4246.425966
-50.434435,50,4247.870801
-19.431071,50,4249.342558
-32.69296,50,4250.817982
-25.657444,50,4252.29013
-50.309117,50,4253.76238
-39.622285,50,4255.223728
-50.549339,50,4256.670199
-50.282614,50,4258.120831
-50.414277,50,4259.560603
-50.467765,50,4261.020878
-50.494177,50,4262.465548
-50.406607,50,4263.919638
-50.42658,50,4265.378357
-50.467374,50,4266.849349
-23.613069,50,4268.310633
-50.379428,50,4269.764866
-17.60175,50,4273.012694
-50.357338,50,4274.4674
-50.448003,50,4275.925377
-50.391799,50,4277.395133
-50.340876,50,4278.860068
-24.600986,50,4280.33135
-50.360161,50,4281.769795
-39.407211,50,4283.234433
-50.360916,50,4284.695649
-25.52171,50,4286.186218
-50.401772,50,4287.640621
-48.318047,50,4289.079159
-50.455923,50,4290.550225
-50.381296,50,4292.004547
-50.339294,50,4293.512819
-25.703263,50,4294.999615
-50.428877,50,4296.429522
-19.577181,50,4297.884143
-50.377398,50,4299.322625
-35.756699,50,4300.792696
-35.576699,50,4304.043458
-50.352295,50,4305.489659
-50.38518,50,4306.912464
-31.62067,50,4308.374115
-50.321662,50,4309.829981
-50.346125,50,4311.285349
-50.420455,50,4312.716906
-28.552695,50,4314.186746
-25.686072,50,4315.64651
-50.333391,50,4317.092442
-50.311954,50,4318.545089
-50.328524,50,4320.000722
-50.345781,50,4321.470409
-50.422826,50,4322.937737
-50.374986,50,4324.403457
-46.609906,50,4325.867126
-50.380055,50,4327.33717
-50.350743,50,4328.807156
-50.449065,50,4330.247275
-50.296512,50,4331.732589
-20.578966,50,4335.003244
-50.357131,50,4336.446064
-50.43479,50,4337.900183
-50.4919,50,4339.371266
-50.214194,50,4340.811085
-24.652379,50,4342.282199
-50.276832,50,4343.750925
-50.35835,50,4345.194506
-50.458581,50,4346.670617
-50.356398,50,4348.109079
-50.456159,50,4349.594466
-50.435412,50,4351.051129
-48.475939,50,4352.583441
-50.416819,50,4354.05654
-50.33921,50,4355.50903
-50.241985,50,4356.978742
-50.417829,50,4358.43282
-50.342403,50,4359.902515
-50.38572,50,4361.35701
-26.723372,50,4362.826703
-50.410488,50,4366.069948
-50.363699,50,4367.50839
-50.568892,50,4368.962616
-50.305967,50,4370.402564
-50.477832,50,4371.864919
-50.436118,50,4373.32249
-50.286836,50,4374.760978
-36.47067,50,4376.233473
-50.361917,50,4377.696959
-50.501343,50,4379.151028
-50.23055,50,4380.622152
-50.339083,50,4382.069349
-50.2815,50,4383.511425
-50.299347,50,4384.951434
-37.552605,50,4386.431695
-32.465534,50,4387.870161
-28.754858,50,4389.324226
-50.429714,50,4390.779874
-48.493353,50,4392.218324
-50.35231,50,4393.65398
-27.5173,50,4396.917665
-50.399027,50,4398.358595
-50.313546,50,4399.829696
-38.450849,50,4401.299588
-45.469303,50,4402.747554
-50.465253,50,4404.207005
-50.341446,50,4405.667149
-50.35993,50,4407.108656
-31.543833,50,4408.591498
-50.514647,50,4410.048276
-28.475829,50,4411.535074
-50.377161,50,4413.015964
-50.375522,50,4414.485753
-25.519199,50,4415.964576
-39.514389,50,4417.418664
-50.322457,50,4418.875057
-50.333895,50,4420.347738
-50.30909,50,4421.801903
-50.366536,50,4423.25598
-50.433596,50,4424.741378
-30.520843,50,4428.027098
-50.273059,50,4429.481655
-49.45194,50,4430.937085
-50.366473,50,4432.39254
-50.355598,50,4433.841438
-50.517888,50,4435.338722
-50.246455,50,4436.792453
-50.344833,50,4438.262166
-50.347005,50,4439.732136
-50.429901,50,4441.1863
-25.614522,50,4442.653669
-50.357841,50,4444.093433
-50.327638,50,4445.544751
-42.436234,50,4447.014669
-50.425028,50,4448.468653
-50.364213,50,4449.924241
-50.300904,50,4451.3783
-50.345186,50,4452.84799
-50.29736,50,4454.302063
-16.342247,50,4455.761176
-50.474667,50,4459.045562
-46.287568,50,4460.501021
-50.292271,50,4461.939469
-35.569267,50,4463.409282
-20.693608,50,4464.888667
-50.306126,50,4466.31247
-50.458397,50,4467.799241
-50.372042,50,4469.268968
-50.35394,50,4470.723213
-50.319464,50,4472.208528
-50.339795,50,4473.696746
-26.710416,50,4475.183256
-50.414908,50,4476.637415
-50.308395,50,4478.091482
-50.386726,50,4479.562474
-27.547944,50,4481.036095
-50.422399,50,4482.505781
-50.437111,50,4483.968108
-31.459975,50,4485.465489
-50.336332,50,4486.93518
-35.645466,50,4490.187155
-33.744671,50,4491.656978
-50.280558,50,4493.112605
-50.346583,50,4494.565383
-50.35207,50,4496.046021
-30.675253,50,4497.516716
-34.497806,50,4498.975185
-50.272646,50,4500.444161
-22.535666,50,4501.962929
-35.601366,50,4503.41053
-32.574104,50,4504.880226
-44.693678,50,4506.345046
-21.567052,50,4507.81739
-26.604557,50,4509.287067
-50.410507,50,4510.742932
-50.633659,50,4512.212708
-29.586636,50,4513.682384
-50.567426,50,4515.124139
-20.576249,50,4516.609454
-50.424258,50,4518.042813
-50.457244,50,4521.313048
-33.635195,50,4522.776599
-50.458313,50,4524.205946
-50.327195,50,4525.639633
-50.452292,50,4527.109509
-27.626539,50,4528.573767
-36.73415,50,4530.012365
-42.544691,50,4531.498732
-50.556517,50,4532.98072
-50.347919,50,4534.419461
-50.320276,50,4535.875373
-23.554179,50,4537.345264
-29.588197,50,4538.794864
-28.611391,50,4540.251809
-50.3713,50,4541.690256
-50.29838,50,4543.15358
-50.455487,50,4544.607812
-50.432519,50,4546.068267
-50.343476,50,4547.537991
-50.249724,50,4548.997662
-50.353917,50,4552.267838
-50.28773,50,4553.721915
-50.380427,50,4555.169835
-50.330868,50,4556.625445
-20.613903,50,4558.0952
-50.577269,50,4559.56495
-30.689296,50,4561.034635
-50.473993,50,4562.488485
-34.681863,50,4563.958221
-27.681912,50,4565.413288
-25.484413,50,4566.875551
-50.378578,50,4568.335353
-50.325458,50,4569.805071
-50.42597,50,4571.248405
-50.323195,50,4572.702483
-30.537347,50,4574.195007
-50.294664,50,4575.632522
-50.660771,50,4577.117851
-50.334892,50,4578.571927
-50.286976,50,4580.03026
-50.321968,50,4583.301653
-33.705916,50,4584.771569
-25.598571,50,4586.235191
-24.596743,50,4587.706534
-39.610176,50,4589.168799
-33.681122,50,4590.638807
-50.357414,50,4592.13979
-36.612857,50,4593.664931
-35.590375,50,4595.133905
-28.65729,50,4596.603586
-30.569221,50,4598.057691
-50.355973,50,4599.528672
-22.646925,50,4600.999831
-50.498657,50,4602.453918
-21.549384,50,4603.923656
-26.518468,50,4605.38392
-31.606112,50,4606.85401
-50.168246,50,4608.292821
-25.541524,50,4609.778135
-25.445224,50,4611.247885
-24.609864,50,4614.528412
-50.340475,50,4615.977503
-50.436664,50,4617.472275
-32.642408,50,4618.926328
-25.616385,50,4620.405905
-30.577961,50,4621.875926
-39.58252,50,4623.331995
-50.346213,50,4624.773711
-50.318633,50,4626.261197
-50.417089,50,4627.712312
-50.387087,50,4629.182364
-33.628474,50,4630.65208
-50.33017,50,4632.107618
-33.688904,50,4633.578616
-27.524421,50,4635.040995
-50.772769,50,4636.495062
-31.59045,50,4637.981902
-27.567585,50,4639.435969
-50.430495,50,4640.905876
-50.598954,50,4642.379055
-22.638267,50,4645.648569
-26.518689,50,4647.111585
-41.510268,50,4648.576473
-18.560878,50,4650.061794
-50.345258,50,4651.548626
-50.620061,50,4653.046234
-50.388082,50,4654.516007
-32.651696,50,4655.978649
-29.612559,50,4657.443044
-27.79289,50,4658.912749
-24.580711,50,4660.382421
-36.462329,50,4661.838336
-25.391636,50,4663.308058
-50.499925,50,4664.759187
-41.579385,50,4666.228939
-21.468674,50,4667.716996
-50.340689,50,4669.15599
-50.470289,50,4670.641349
-21.566477,50,4672.112881
-50.598908,50,4673.576645
-50.43929,50,4676.830481
-50.357287,50,4678.295137
-34.528948,50,4679.780434
-25.561758,50,4681.26226
-34.562502,50,4682.716337
-40.65271,50,4684.187796
-22.560481,50,4685.652228
-23.549798,50,4687.106367
-27.518498,50,4688.560488
-50.358366,50,4689.998973
-30.587124,50,4691.468652
-50.468002,50,4692.919676
-29.678451,50,4694.360445
-32.556564,50,4695.845726
-50.689338,50,4697.314126
-50.362599,50,4698.751285
-50.738854,50,4700.235306
-22.499299,50,4701.688086
-31.460176,50,4703.172107
-29.589355,50,4704.640508
-23.590503,50,4707.938378
-50.40206,50,4709.422399
-48.560242,50,4710.875179
-22.517278,50,4712.413076
-23.502926,50,4713.943961
-50.409576,50,4715.401477
-49.351567,50,4716.901119
-33.54385,50,4718.400763
-28.476125,50,4719.900407
-26.51801,50,4721.384428
-34.608121,50,4722.868449
-29.596542,50,4724.354894
-50.420465,50,4725.824063
-33.592943,50,4727.339327
-23.535914,50,4728.824724
-50.382479,50,4730.324368
-50.235842,50,4731.792768
-29.496288,50,4733.294594
-35.415957,50,4734.793289
-36.593779,50,4736.282821
-35.385367,50,4739.550298
-30.533779,50,4741.029122
-39.593946,50,4742.498063
-25.590752,50,4743.959358
-50.372942,50,4745.403961
-50.391845,50,4746.875506
-23.49781,50,4748.345215
-50.67573,50,4749.799791
-50.408076,50,4751.253882
-33.583097,50,4752.709441
-22.501951,50,4754.180845
-24.648842,50,4755.638745
-50.374441,50,4757.094483
-39.599748,50,4758.570632
-24.62784,50,4760.026114
-22.473237,50,4761.495816
-25.555753,50,4762.960801
-50.663867,50,4764.426574
-26.614024,50,4765.889047
-24.568202,50,4767.348415
-50.655193,50,4770.635852
-50.328249,50,4772.122819
-20.692923,50,4773.635444
-49.268451,50,4775.106911
-50.27923,50,4776.561209
-29.487882,50,4778.056738
-45.608294,50,4779.509516
-50.635057,50,4780.979252
-31.510706,50,4782.433522
-50.34568,50,4783.886299
-50.568221,50,4785.372689
-50.334021,50,4786.827046
-36.524732,50,4788.292986
-30.524143,50,4789.761386
-33.563084,50,4791.214166
-26.730007,50,4792.669905
-23.721062,50,4794.138113
-50.41534,50,4795.607309
-26.565666,50,4797.081588
-33.255689,50,4798.51399
-50.505097,50,4801.829722
-35.693276,50,4803.295147
-26.536649,50,4804.76468
-43.707196,50,4806.235874
-50.309609,50,4807.674407
-26.449809,50,4809.159736
-29.610082,50,4810.615341
-24.537608,50,4812.086924
-30.512625,50,4813.55791
-50.271794,50,4815.017287
-18.455309,50,4816.486995
-24.508803,50,4817.958263
-23.504012,50,4819.417561
-24.672849,50,4820.887303
-22.706753,50,4822.34276
-28.655704,50,4823.809477
-22.55722,50,4825.266515
-50.409979,50,4826.737736
-50.35258,50,4828.183718
-30.4386,50,4829.669038
-25.585425,50,4833.04368
-33.614142,50,4834.508784
-27.559019,50,4835.95455
-31.575604,50,4837.393162
-27.5931,50,4838.847323
-50.291895,50,4840.30139
-24.51359,50,4841.756797
-26.53898,50,4843.226481
-43.665433,50,4844.688223
-32.550785,50,4846.142286
-49.36054,50,4847.613486
-31.62648,50,4849.081887
-43.757322,50,4850.534666
-50.554729,50,4851.990191
-22.515698,50,4853.445628
-40.618504,50,4854.907007
-24.513957,50,4856.345999
-23.520967,50,4857.801599
-36.413267,50,4859.252297
-50.731073,50,4860.721979
-50.431111,50,4864.012681
-31.584819,50,4865.470818
-50.302615,50,4866.912017
-50.519004,50,4868.384921
-24.677175,50,4869.823779
-25.588758,50,4871.277879
-32.542985,50,4872.733474
-26.571204,50,4874.17055
-26.552401,50,4875.627291
-48.444014,50,4877.067328
-29.600983,50,4878.522804
-46.402571,50,4879.977233
-26.6741,50,4881.431397
-16.481464,50,4882.871646
-29.703899,50,4884.332196
-50.617741,50,4885.782752
-50.872804,50,4887.237953
-23.703834,50,4888.690732
-28.581499,50,4890.143512
-26.398552,50,4891.628836
-39.427664,50,4894.954475
-22.448418,50,4896.422875
-20.467672,50,4897.877496
-32.628065,50,4899.333404
-49.376152,50,4900.787719
-26.53043,50,4902.227562
-40.48885,50,4903.697242
-21.466266,50,4905.144038
-50.295127,50,4906.59841
-30.649119,50,4908.054277
-27.521563,50,4909.494891
-50.530594,50,4910.948958
-23.54306,50,4912.390517
-27.471035,50,4913.869561
-29.50639,50,4915.314696
-50.422021,50,4916.783588
-42.530677,50,4918.260614
-24.527663,50,4919.730296
-31.55381,50,4921.201298
-14.504564,50,4922.673492
-37.469782,50,4925.970681
-40.741009,50,4927.426934
-45.634543,50,4928.902877
-30.464868,50,4930.372637
-23.648337,50,4931.857938
-50.353622,50,4933.31279
-50.373654,50,4934.800112
-38.367895,50,4936.254203
-23.504443,50,4937.726541
-46.557106,50,4939.197815
-25.540407,50,4940.667512
-37.45721,50,4942.138991
-30.511582,50,4943.602482
-30.513846,50,4945.065615
-29.649735,50,4946.520444
-40.437593,50,4947.990795
-20.511727,50,4949.448039
-17.491114,50,4950.917761
-31.60472,50,4952.404569
-50.335655,50,4953.902078
-36.573749,50,4957.188712
-35.669807,50,4958.650158
-29.47146,50,4960.120077
-28.476085,50,4961.589787
-38.442726,50,4963.044002
-36.586139,50,4964.514138
-25.428255,50,4965.973244
-50.342317,50,4967.428994
-26.560646,50,4968.883184
-50.273352,50,4970.337278
-21.562764,50,4971.822646
-31.535887,50,4973.264699
-50.71792,50,4974.738674
-47.542736,50,4976.190136
-25.483924,50,4977.646614
-50.79668,50,4979.116328
-28.558959,50,4980.586026
-50.467474,50,4982.048656
-18.62086,50,4983.522497
-21.571839,50,4984.988798
-25.476505,50,4988.257702
-50.503307,50,4989.727384
-26.644369,50,4991.181541
-37.512618,50,4992.652599
-25.578003,50,4994.094302
-50.704139,50,4995.569157
-50.320447,50,4997.023597
-32.684579,50,4998.479026
-39.718715,50,4999.948779
-40.598089,50,5001.403139
-22.519701,50,5002.875914
-27.534692,50,5004.329743
-35.666582,50,5005.787868
-43.576977,50,5007.269588
-27.581861,50,5008.729724
-28.63398,50,5010.199827
-20.52358,50,5011.685206
-24.653,50,5013.197468
-23.682417,50,5014.669679
-50.518465,50,5016.136916
-24.623351,50,5019.447555
-24.615407,50,5020.917266
-20.59368,50,5022.371359
-21.487289,50,5023.840009
-29.595024,50,5025.304859
-50.55144,50,5026.758956
-25.696102,50,5028.214177
-27.494634,50,5029.683859
-50.378933,50,5031.137922
-23.438545,50,5032.609373
-30.638025,50,5034.074013
-21.525548,50,5035.522389
-35.568956,50,5036.987505
-24.516584,50,5038.450876
-14.624391,50,5039.904939
-25.451027,50,5041.376146
-19.580386,50,5042.836131
-28.540954,50,5044.295337
-26.383666,50,5045.758138
-47.320713,50,5047.227837
-23.537055,50,5050.464153
-24.558159,50,5051.933922
-50.326602,50,5053.37392
-21.494717,50,5054.836481
-27.528938,50,5056.28926
-48.393707,50,5057.743384
-27.538587,50,5059.180542
-25.539031,50,5060.64727
-50.331327,50,5062.084429
-50.329259,50,5063.541424
-23.539471,50,5065.007
-30.469022,50,5066.456497
-23.464367,50,5067.912155
-26.649157,50,5069.370339
-21.493272,50,5070.841753
-28.619268,50,5072.327087
-50.384089,50,5073.839639
-27.498172,50,5075.298705
-27.57451,50,5076.752798
-28.598424,50,5078.222981
-36.429914,50,5081.521669
-50.337908,50,5082.992779
-50.493047,50,5084.478443
-19.487951,50,5085.931749
-24.588749,50,5087.401462
-45.342762,50,5088.872495
-27.590891,50,5090.340894
-50.494275,50,5091.809296
-18.485726,50,5093.265034
-20.593788,50,5094.727391
-50.416891,50,5096.191182
-50.542084,50,5097.660875
-46.638151,50,5099.13228
-50.3576,50,5100.603437
-50.529107,50,5102.096717
-22.54938,50,5103.553502
-50.409969,50,5105.024441
-23.531159,50,5106.478521
-26.478142,50,5107.95156
-30.441407,50,5109.421278
-26.524008,50,5112.704443
-50.492595,50,5114.177211
-23.512296,50,5115.635952
-23.621209,50,5117.090057
-50.51744,50,5118.562753
-50.540594,50,5120.016828
-29.59386,50,5121.486511
-50.491654,50,5122.927687
-50.399013,50,5124.41967
-50.283192,50,5125.85478
-50.534152,50,5127.333387
-23.6071,50,5128.804674
-32.563585,50,5130.274355
-31.487463,50,5131.761076
-50.387372,50,5133.247971
-50.409421,50,5134.712754
-50.475315,50,5136.182453
-50.609275,50,5137.636775
-30.536318,50,5139.116949
-50.26962,50,5140.57107
-50.424417,50,5143.853356
-50.389857,50,5145.308871
-22.416042,50,5146.794237
-26.529618,50,5148.2483
-48.565795,50,5149.689764
-50.331949,50,5151.159458
-50.435044,50,5152.599303
-39.489389,50,5154.088516
-50.271116,50,5155.543003
-24.546253,50,5157.020897
-50.375368,50,5158.471157
-18.489376,50,5159.941172
-30.573856,50,5161.396649
-50.360839,50,5162.856106
-50.346805,50,5164.341291
-31.531585,50,5165.794019
-50.323735,50,5167.232522
-50.369343,50,5168.702266
-28.500388,50,5170.171977
-50.372067,50,5171.628111
-26.571221,50,5174.903605
-24.390763,50,5176.359179
-50.348479,50,5177.797637
-50.416768,50,5179.256111
-29.475677,50,5180.727158
-25.491046,50,5182.168312
-25.527498,50,5183.639385
-50.296165,50,5185.074646
-50.276662,50,5186.520007
-50.398761,50,5187.989696
-50.483811,50,5189.475014
-30.492348,50,5190.931368
-32.473984,50,5192.418257
-50.286451,50,5193.903798
-50.358803,50,5195.373346
-50.202226,50,5196.829353
-50.242233,50,5198.314743
-30.582186,50,5199.833725
-29.402248,50,5201.335462
-33.591941,50,5203.002944
-50.281756,50,5206.480307
-19.57235,50,5208.018049
-27.588284,50,5209.504066
-45.485752,50,5212.08321
