epoch,stats_g/mean,stats_g/std,stats_o/mean,stats_o/std,stats_qf,test/episode,test/mean_F,test/mean_K,test/mean_Q,test/mean_r,test/success_rate,test/success_rate2,test/success_rate3,train/episode,train/success_rate,train/success_rate2,train/success_rate3
0,0.01930399,0.010434333,0.0806481,0.039953567,0.0,10.0,0.0036611600662581623,0.48916176,0.6505879,0.04790974,0.0,1.0,0.0,20.0,0.0,0.9997448979591836,0.0
1,0.019211544,0.010456124,0.08122469,0.038274605,0.0,20.0,0.000420600816141814,0.45673317,0.67739,-0.044881213,0.0,1.0,0.0,40.0,0.0,0.9997448979591836,0.0
2,0.019178627,0.010432665,0.08184195,0.0377419,0.0,30.0,0.0014202498132362962,0.4757357,0.6821968,0.12430122,0.0,1.0,0.0,60.0,0.0,1.0,0.0
3,0.019205855,0.010427551,0.08211787,0.037724227,0.0,40.0,0.0007287567568710074,0.47352487,0.6822458,-0.043477226,0.0,1.0,0.0,80.0,0.0,1.0,0.0
4,0.019178329,0.010421883,0.08232852,0.03775081,0.0,50.0,0.00014610339712817222,0.504338,0.6871893,0.065664105,0.0,1.0,0.0,100.0,0.0,1.0,0.0
5,0.019099431,0.0104116835,0.08233557,0.0379767,0.0,60.0,0.0008654140983708203,0.55742043,0.6863467,-0.011781065,0.0,1.0,0.0,120.0,0.0,0.9998724489795918,0.0
6,0.019071909,0.010404312,0.082451046,0.038032077,0.0,70.0,0.0,0.5545422,0.7443265,-0.0038083717,0.0,1.0,0.0,140.0,0.0,1.0,0.0
7,0.019084437,0.010412387,0.082392104,0.03827995,0.0,80.0,0.0,0.6477381,0.686553,-2.521278e-15,0.0,1.0,0.0,160.0,0.0,0.9998724489795918,0.0
8,0.019092284,0.0104145175,0.08234334,0.038567036,0.0,90.0,4.3691448809113353e-05,0.52108014,0.74723625,-0.025096223,0.0,1.0,0.0,180.0,0.0,1.0,0.0
9,0.019097215,0.010407959,0.082315646,0.038715802,0.0,100.0,0.0015179437614278868,0.55588615,0.6996085,0.17635961,0.0,1.0,0.0,200.0,0.0,0.9998724489795918,0.0
10,0.019094637,0.010409021,0.08209529,0.039063297,0.0,110.0,0.0001607778249308467,0.5867203,0.7341415,0.0007975475,0.0,1.0,0.0,220.0,0.0,0.9998724489795918,0.0
11,0.019088028,0.010406337,0.082025275,0.039329875,0.0,120.0,0.00012454767420422286,0.6216879,0.7212143,-0.0035732423,0.0,1.0,0.0,240.0,0.0,1.0,0.0
12,0.019096809,0.010403047,0.082047634,0.039485626,0.0,130.0,0.00025947001995518804,0.66425645,0.7534268,0.0032526155,0.0,1.0,0.0,260.0,0.0,0.9998724489795918,0.0
13,0.01909745,0.010403862,0.08215109,0.039619174,0.0,140.0,0.000173746675500297,0.63405395,0.74552333,0.050709452,0.0,1.0,0.0,280.0,0.0,1.0,0.0
14,0.019086437,0.010409004,0.08218797,0.03983709,0.0,150.0,0.0,0.6640259,0.77588934,-1.8027318e-15,0.0,1.0,0.0,300.0,0.0,1.0,0.0
15,0.019087926,0.010408891,0.0822823,0.03996417,0.0,160.0,0.0,0.67944175,0.75972605,-0.0046538454,0.0,1.0,0.0,320.0,0.0,1.0,0.0
16,0.019081585,0.010410519,0.082381666,0.04012649,0.0,170.0,0.0022464245557785034,0.6977078,0.78524095,-0.011946557,0.0,1.0,0.0,340.0,0.0,0.9997448979591836,0.0
17,0.019083453,0.010418386,0.08241695,0.04028672,0.0,180.0,0.0037998945263097994,0.7085651,0.7770471,0.3618848,0.0,1.0,0.0,360.0,0.0,1.0,0.0
18,0.019083718,0.010414103,0.0825222,0.040446125,0.0,190.0,0.005633077002130449,0.74016905,0.7857468,-0.062187403,0.0,1.0,0.0,380.0,0.0,0.9998724489795918,0.0
19,0.019084603,0.010416494,0.08266889,0.040480327,0.0,200.0,6.652580486843362e-05,0.73052484,0.7792243,-0.13809271,0.0,1.0,0.0,400.0,0.0,0.9998724489795918,0.0
20,0.019086927,0.010416709,0.08284062,0.04055841,0.0,210.0,0.0014584521995857358,0.73558116,0.7836324,0.044347566,0.0,1.0,0.0,420.0,0.0,0.9998724489795918,0.0
21,0.01908757,0.010416554,0.08295233,0.04070657,0.0,220.0,0.010799678042531013,0.7091003,0.77596486,-0.40394288,0.0,1.0,0.0,440.0,0.0,1.0,0.0
22,0.019084277,0.010414759,0.08311671,0.040749602,0.0,230.0,0.022659661,0.69250786,0.7797041,0.31703326,0.0,0.9997448979591836,0.0,460.0,0.0,0.9998724489795918,0.0
23,0.019081889,0.010411773,0.083235085,0.040825877,0.0,240.0,0.033548154,0.69827944,0.78312254,0.27542943,0.0,0.9997448979591836,0.0,480.0,0.0,0.9998724489795918,0.0
24,0.019075355,0.010414757,0.08336811,0.04087779,0.0,250.0,0.027922709,0.67829853,0.76645267,0.58116525,0.0,1.0,0.0,500.0,0.0,0.9998724489795918,0.0
25,0.019090416,0.010415523,0.08354136,0.040923446,0.0,260.0,0.04022784,0.6579853,0.75161207,0.19411647,0.0,1.0,0.0,520.0,0.0,0.9998724489795918,0.0
26,0.01909578,0.010414002,0.08359173,0.040987574,0.0,270.0,0.031276822,0.6771079,0.7719129,-0.0019656569,0.0,1.0,0.0,540.0,0.0,0.9996173469387755,0.0
27,0.019086704,0.010415048,0.083682016,0.04103523,0.0,280.0,0.01710903039202094,0.6361317,0.74635893,0.22311583,0.0,1.0,0.0,560.0,0.0,0.9996173469387756,0.0
28,0.019083565,0.01041392,0.083685696,0.041083783,0.0,290.0,0.029581595,0.61240447,0.74604994,-0.26074833,0.0,1.0,0.0,580.0,0.0,0.9998724489795918,0.0
29,0.019089598,0.010415193,0.08369306,0.04117927,0.0,300.0,0.0253379,0.60376734,0.75633776,-0.05490298,0.0,1.0,0.0,600.0,0.0,0.9997448979591836,0.0
30,0.019091856,0.010414832,0.083722584,0.04124069,0.0,310.0,0.026505023,0.62913156,0.7497896,-0.041409735,0.0,1.0,0.0,620.0,0.0,1.0,0.0
31,0.019090433,0.010414139,0.08371881,0.041295387,0.0,320.0,0.0361562,0.6355926,0.75730693,0.7120018,0.0,1.0,0.0,640.0,0.0,0.9998724489795918,0.0
32,0.019091317,0.010410099,0.083684206,0.04137565,0.0,330.0,0.03119712,0.6531159,0.76323867,0.35263464,0.0,1.0,0.0,660.0,0.0,1.0,0.0
33,0.019090502,0.010408199,0.08356153,0.041573796,0.0,340.0,0.024139516,0.6587542,0.7563925,-0.27414653,0.0,1.0,0.0,680.0,0.0,1.0,0.0
34,0.019097157,0.01040775,0.0834919,0.04170025,0.0,350.0,0.013711297186091542,0.6623662,0.7586416,-0.0041356552,0.0,1.0,0.0,700.0,0.0,1.0,0.0
35,0.019093508,0.010401997,0.08338932,0.04185552,0.0,360.0,0.022381420712918043,0.6617844,0.75755495,-0.281822,0.0,1.0,0.0,720.0,0.0,0.9998724489795918,0.0
36,0.019094426,0.010403344,0.08326825,0.042041704,0.0,370.0,0.028776791,0.64956677,0.75932765,-0.4461095,0.0,1.0,0.0,740.0,0.0,0.9998724489795918,0.0
37,0.01908842,0.010403143,0.083162464,0.042205453,0.0,380.0,0.07169782,0.67534137,0.7521777,-0.8253252,0.0,1.0,0.0,760.0,0.0,0.9998724489795918,0.0
38,0.019085346,0.010404933,0.083131395,0.04231841,0.0,390.0,1.1312472,0.6183208,0.7648854,-0.786897,0.0,1.0,0.0,780.0,0.0,0.9997448979591836,0.0
39,0.01908406,0.010403545,0.08311261,0.04243328,0.0,400.0,0.27952918,0.5987745,0.7492248,0.19875918,0.0,0.9997448979591836,0.0,800.0,0.0,0.9993622448979592,0.0
40,0.019078044,0.010404631,0.08309814,0.04253349,0.0,410.0,0.051598072,0.61076164,0.75358725,0.29563552,0.0,1.0,0.0,820.0,0.0,0.9997448979591836,0.0
41,0.019078,0.010403948,0.08306467,0.04263904,0.0,420.0,0.26771027,0.5879727,0.7425244,1.3662106,0.0,0.9997448979591836,0.0,840.0,0.0,0.9994897959183673,0.0
42,0.019074392,0.010402854,0.08305461,0.04270932,0.0,430.0,0.07756491,0.5777744,0.7290738,0.22390223,0.0,0.9992346938775509,0.0,860.0,0.0,0.9996173469387755,0.0
43,0.01907323,0.01040315,0.08306903,0.042796027,0.0,440.0,0.30525738,0.6681253,0.75458497,0.15605241,0.0,1.0,0.0,880.0,0.0,1.0,0.0
44,0.019073742,0.010402691,0.08315289,0.04281454,0.0,450.0,0.04514603,0.68101555,0.78140163,0.12452882,0.0,1.0,0.0,900.0,0.0,1.0,0.0
45,0.019073837,0.0104024485,0.08321985,0.042831603,0.0,460.0,0.031920582,0.67273694,0.7828257,-0.20766643,0.0,1.0,0.0,920.0,0.0,0.9994897959183674,0.0
46,0.019071931,0.010401593,0.08334051,0.042823695,0.0,470.0,0.0535184,0.70642734,0.7869347,-0.69047195,0.0,1.0,0.0,940.0,0.0,0.9994897959183674,0.0
47,0.019070795,0.010402189,0.08344921,0.0428305,0.0,480.0,0.26967463,0.6437068,0.7773714,0.24719875,0.0,1.0,0.0,960.0,0.0,0.9997448979591836,0.0
48,0.019073537,0.010401292,0.08358735,0.04282525,0.0,490.0,0.090114444,0.6536958,0.77150464,0.035864294,0.0,0.9997448979591836,0.0,980.0,0.0,0.9993622448979592,0.0
49,0.019079411,0.010401274,0.08369672,0.0428117,0.0,500.0,0.19009537948295474,0.6664431,0.76805633,0.19270073,0.0,1.0,0.0,1000.0,0.0,0.9997448979591836,0.0
50,0.019081516,0.010400706,0.083821975,0.0427769,0.0,510.0,0.09987034,0.664215,0.77134585,-0.23434544,0.0,1.0,0.0,1020.0,0.0,0.9997448979591836,0.0
51,0.019079596,0.010399653,0.083909236,0.04275118,0.0,520.0,0.05145423824433237,0.6695591,0.7877792,0.04732537,0.0,1.0,0.0,1040.0,0.0,0.9996173469387755,0.0
52,0.01908295,0.010400603,0.08398923,0.04272766,0.0,530.0,0.0674548,0.6973455,0.78665555,-0.7047985,0.0,1.0,0.0,1060.0,0.0,0.9998724489795918,0.0
53,0.019083472,0.010401933,0.08407719,0.04269854,0.0,540.0,0.09644663,0.6554265,0.7726553,-0.047683313,0.0,1.0,0.0,1080.0,0.0,1.0,0.0
54,0.019086644,0.010400691,0.084180534,0.042669147,0.0,550.0,0.009544429,0.68901455,0.77731854,0.31342927,0.0,1.0,0.0,1100.0,0.0,1.0,0.0
55,0.019082915,0.010401133,0.08425975,0.04265552,0.0,560.0,0.07352568,0.6846784,0.7775105,-0.033090066,0.0,1.0,0.0,1120.0,0.0,0.9998724489795918,0.0
56,0.019082548,0.010400728,0.0843,0.042684626,0.0,570.0,0.048209358,0.693247,0.7733083,-0.2533116,0.0,0.9994897959183673,0.0,1140.0,0.0,1.0,0.0
57,0.01908561,0.010401652,0.08435861,0.04268601,0.0,580.0,0.043669455,0.66125715,0.7373529,-1.6481864,0.0,0.9997448979591836,0.0,1160.0,0.0,1.0,0.0
58,0.019084113,0.010402558,0.08437801,0.04274145,0.0,590.0,0.14895369,0.6588239,0.74527067,0.5739791,0.0,0.9994897959183674,0.0,1180.0,0.0,0.9996173469387755,0.0
59,0.019086052,0.010402552,0.084394604,0.0427762,0.0,600.0,0.15826787,0.67992055,0.74570864,-0.15790874,0.0,1.0,0.0,1200.0,0.0,0.9997448979591836,0.0
60,0.019088246,0.0104029095,0.08441757,0.042786628,0.0,610.0,0.23883009,0.62955904,0.74014205,-0.05437164,0.0,1.0,0.0,1220.0,0.0,1.0,0.0
61,0.019089945,0.010403023,0.08444772,0.04280316,0.0,620.0,0.03942433,0.63581,0.7276608,0.17140558,0.0,1.0,0.0,1240.0,0.0,1.0,0.0
62,0.019090103,0.010402803,0.084453665,0.0428276,0.0,630.0,0.16639569401741028,0.62802535,0.6963998,0.022094607,0.0,0.999234693877551,0.0,1260.0,0.0,0.9998724489795918,0.0
63,0.01908765,0.010404409,0.08441931,0.04290616,0.0,640.0,0.03244566623470746,0.6523522,0.73440784,0.0743391,0.0,1.0,0.0,1280.0,0.0,1.0,0.0
64,0.019086076,0.010404809,0.08440711,0.04295333,0.0,650.0,0.23094702,0.6258563,0.7133732,-0.046554938,0.0,0.9997448979591836,0.0,1300.0,0.0,0.9997448979591836,0.0
65,0.019086076,0.01040388,0.08437594,0.043008287,0.0,660.0,0.20409538,0.6439277,0.72432923,0.1385107,0.0,0.9997448979591836,0.0,1320.0,0.0,0.9997448979591836,0.0
66,0.019088538,0.010403781,0.08437959,0.043048993,0.0,670.0,0.08475547,0.5909724,0.70745444,-0.28222746,0.0,1.0,0.0,1340.0,0.0,0.9996173469387755,0.0
67,0.019088859,0.010403321,0.08434731,0.04311043,0.0,680.0,0.21960123,0.59505993,0.69770837,-0.0012988299,0.0,1.0,0.0,1360.0,0.0,0.9998724489795918,0.0
68,0.01908774,0.010403069,0.084302746,0.04316255,0.0,690.0,0.10086904,0.624648,0.7177385,-1.3212825,0.0,1.0,0.0,1380.0,0.0,0.9998724489795918,0.0
69,0.019084787,0.010402895,0.0842416,0.043222647,0.0,700.0,0.15582533,0.65198815,0.7325958,-0.5347239,0.0,0.9997448979591836,0.0,1400.0,0.0,0.9997448979591836,0.0
70,0.019083902,0.010403053,0.08420468,0.043275643,0.0,710.0,0.069811106,0.5438749,0.6537309,-0.93673074,0.0,1.0,0.0,1420.0,0.0,0.9996173469387755,0.0
71,0.019081254,0.01040457,0.08411916,0.043357413,0.0,720.0,0.15492724673822522,0.581849,0.6558738,-1.5270045,0.0,1.0,0.0,1440.0,0.0,0.9996173469387755,0.0
72,0.019083686,0.010404084,0.08411947,0.0434446,0.0,730.0,0.23561414,0.6087245,0.7094141,-0.016534597,0.0,0.9997448979591836,0.0,1460.0,0.0,0.9992346938775512,0.0
73,0.019083941,0.010404017,0.08411388,0.043536514,0.0,740.0,0.24228299,0.55505997,0.7038227,-2.0230765,0.0,0.999234693877551,0.0,1480.0,0.0,0.9993622448979593,0.0
74,0.019087417,0.010404236,0.0840751,0.043625742,0.0,750.0,0.23620516,0.5539756,0.663595,-0.7286763,0.0,1.0,0.0,1500.0,0.0,0.9997448979591836,0.0
75,0.019085925,0.010404918,0.08399886,0.043760065,0.0,760.0,0.30838418,0.57484126,0.68770564,-0.83872265,0.0,0.9989795918367348,0.0,1520.0,0.0,0.9994897959183674,0.0
76,0.01908605,0.010403599,0.08390273,0.04398814,0.0,770.0,0.25029483,0.5071559,0.59283304,0.050677776,0.0,0.9994897959183673,0.0,1540.0,0.0,0.9996173469387755,0.0
77,0.01908544,0.010404576,0.08360961,0.04591831,0.0,780.0,0.20928925,0.2477293,0.33329734,0.57682115,0.0,1.0,0.0,1560.0,0.0,0.9994897959183674,0.0
78,0.01908531,0.010405095,0.083233595,0.04645204,0.0,790.0,0.15362379,0.29276055,0.35795176,-1.8579757,0.0,1.0,0.0,1580.0,0.0,0.9998724489795918,0.0
79,0.019082945,0.01040523,0.08290094,0.046938293,0.0,800.0,0.04405114,0.22113147,0.2857502,-0.95003474,0.0,1.0,0.0,1600.0,0.0,0.9998724489795918,0.0
80,0.019084329,0.010405689,0.08254848,0.047401436,0.0,810.0,0.106178835,0.30627435,0.36806765,-1.2349817,0.0,0.9994897959183673,0.0,1620.0,0.0,1.0,0.0
81,0.019081106,0.010406215,0.08226591,0.04773065,0.0,820.0,0.08061681,0.29257634,0.46113798,0.28758794,0.0,0.9997448979591836,0.0,1640.0,0.0,0.9996173469387755,0.0
82,0.019080825,0.010406837,0.08199257,0.048033554,0.0,830.0,0.13087738,0.25420064,0.32443067,-0.52251804,0.0,0.999234693877551,0.0,1660.0,0.0,1.0,0.0
83,0.019080563,0.010407594,0.08172247,0.048316002,0.0,840.0,0.079327844,0.26553923,0.33306003,-0.41005623,0.0,1.0,0.0,1680.0,0.0,0.9997448979591836,0.0
84,0.019080177,0.010408665,0.08147653,0.04857583,0.0,850.0,0.16868308,0.34227115,0.40622923,-1.1079655,0.0,0.9997448979591836,0.0,1700.0,0.0,0.9997448979591836,0.0
85,0.019080095,0.0104078315,0.08124053,0.04877949,0.0,860.0,0.2107922,0.3608815,0.4381181,-0.6150026,0.0,1.0,0.0,1720.0,0.0,0.9996173469387756,0.0
86,0.019079724,0.01040815,0.081026405,0.048971117,0.0,870.0,0.124593765,0.32258475,0.38652807,-0.7195989,0.0,1.0,0.0,1740.0,0.0,0.9996173469387755,0.0
87,0.019079866,0.010408097,0.08084043,0.049141813,0.0,880.0,0.11291629,0.37531272,0.44000018,-0.8420074,0.0,1.0,0.0,1760.0,0.0,0.9997448979591836,0.0
88,0.01907836,0.010407208,0.08067877,0.0492857,0.0,890.0,0.21734223,0.3416311,0.3814923,0.78852665,0.0,0.9997448979591836,0.0,1780.0,0.0,0.9997448979591836,0.0
89,0.019077066,0.010407658,0.080511115,0.0494059,0.0,900.0,0.11899353377521038,0.3361231,0.41025522,-0.57867503,0.0,0.999234693877551,0.0,1800.0,0.0,0.9997448979591836,0.0
90,0.019076604,0.010407461,0.08035238,0.049525667,0.0,910.0,0.86125827,0.37817484,0.46586794,-1.9111589,0.0,0.9994897959183673,0.0,1820.0,0.0,0.9993622448979593,0.0
91,0.019075893,0.010407928,0.080209605,0.049628235,0.0,920.0,0.25793546,0.44940197,0.5269096,-0.5610813,0.0,0.9994897959183674,0.0,1840.0,0.0,0.9992346938775512,0.0
92,0.019077526,0.010407518,0.08009201,0.049737062,0.0,930.0,0.47238943,0.42526358,0.49679852,-0.66306055,0.0,0.9997448979591836,0.0,1860.0,0.0,0.9996173469387755,0.0
93,0.01908001,0.010407151,0.07997899,0.049804244,0.0,940.0,0.2792084,0.42094174,0.47738007,-1.3802738,0.0,1.0,0.0,1880.0,0.0,0.9994897959183674,0.0
94,0.019078702,0.010406781,0.079861365,0.049887985,0.0,950.0,0.462963,0.47730374,0.5654798,-1.1468227,0.0,1.0,0.0,1900.0,0.0,1.0,0.0
95,0.01907863,0.010406516,0.07978594,0.04992957,0.0,960.0,0.0949509,0.5044068,0.5932851,-2.3845558,0.0,1.0,0.0,1920.0,0.0,0.9996173469387755,0.0
96,0.019076457,0.010406845,0.079682685,0.049988046,0.0,970.0,0.57373416,0.44296128,0.57606506,-2.936549,0.0,1.0,0.0,1940.0,0.0,0.9998724489795918,0.0
97,0.019077396,0.010406632,0.07958889,0.050065435,0.0,980.0,0.4552171,0.4323292,0.5360215,0.82494134,0.0,1.0,0.0,1960.0,0.0,0.9998724489795918,0.0
98,0.019079577,0.010406317,0.07947686,0.050125558,0.0,990.0,0.5682494,0.4058814,0.54869556,0.62884545,0.0,1.0,0.0,1980.0,0.0,0.9997448979591836,0.0
99,0.019078763,0.010405181,0.07937808,0.050185192,0.0,1000.0,1.0852045,0.41412342,0.5925269,-0.37360898,0.0,0.9997448979591836,0.0,2000.0,0.0,0.9989795918367348,0.0
100,0.01908045,0.010405459,0.079265274,0.050249036,0.0,1010.0,0.7524624,0.35065085,0.55383265,-0.4314629,0.0,0.9997448979591836,0.0,2020.0,0.0,0.9994897959183674,0.0
101,0.019080443,0.010405852,0.07914557,0.050319776,0.0,1020.0,0.1929633,0.3747639,0.48720202,0.11852439,0.0,1.0,0.0,2040.0,0.0062500000931322575,1.0,0.0062500000931322575
102,0.01908042,0.01040585,0.07902223,0.05039476,0.0,1030.0,0.08305835,0.41686016,0.5037612,-1.3144579,0.0,1.0,0.0,2060.0,0.0,0.9998724489795918,0.0
103,0.019080393,0.010405845,0.07889871,0.05047755,0.0,1040.0,0.17980418,0.35146433,0.42749947,-1.0271475,0.0,1.0,0.0,2080.0,0.0,1.0,0.0
104,0.01908233,0.010406725,0.078741215,0.050570723,0.0,1050.0,0.37963492,0.46085137,0.5416003,-0.14069179,0.0,1.0,0.0,2100.0,0.0,0.9997448979591836,0.0
105,0.019082064,0.010407014,0.07861646,0.050633132,0.0,1060.0,0.36451095,0.41991782,0.48510423,-0.35188252,0.0,1.0,0.0,2120.0,0.0,0.9994897959183674,0.0
106,0.019082375,0.0104072755,0.07849683,0.05070024,0.0,1070.0,0.8785437755286694,0.40090245,0.47255987,-0.5072214,0.0,1.0,0.0,2140.0,0.0,0.9996173469387756,0.0
107,0.019084003,0.0104087535,0.078365326,0.05076791,0.0,1080.0,0.5882869,0.4251002,0.5206358,0.16227514,0.012500000186264515,0.999234693877551,0.012500000186264515,2160.0,0.0,0.9994897959183674,0.0
108,0.019085731,0.010408539,0.078228034,0.05083962,0.0,1090.0,0.519809,0.38540277,0.45536447,-0.9115832,0.0,0.9994897959183674,0.0,2180.0,0.0,0.9994897959183673,0.0
109,0.019086702,0.010408326,0.07807032,0.050926305,0.0,1100.0,1.0020976,0.3574347,0.44290614,-0.94633657,0.0,0.9997448979591836,0.0,2200.0,0.0062500000931322575,0.9997448979591836,0.0062500000931322575
110,0.019086521,0.010408382,0.07794245,0.05099095,0.0,1110.0,1.6777339,0.40183002,0.48827115,-0.43085706,0.0,0.9987244897959184,0.0,2220.0,0.0,0.9997448979591836,0.0
111,0.019087333,0.010408647,0.077817775,0.051045284,0.0,1120.0,0.9157288,0.32473254,0.39981115,-0.69204736,0.0,0.9997448979591836,0.0,2240.0,0.0,0.9997448979591836,0.0
112,0.019087901,0.010408833,0.07768083,0.05111316,0.0,1130.0,0.5518279,0.35925102,0.4417519,-1.0225836,0.0,0.9994897959183674,0.0,2260.0,0.0,0.9998724489795918,0.0
113,0.019088687,0.010408559,0.077544495,0.051164567,0.0,1140.0,1.5477523,0.37654254,0.45829645,3.3510256,0.0,0.9969387755102042,0.0,2280.0,0.0,0.9993622448979593,0.0
114,0.019088445,0.010408275,0.07741422,0.051207896,0.0,1150.0,1.5122963,0.3511014,0.43073845,-0.9001615,0.0,0.999234693877551,0.0,2300.0,0.0,0.9992346938775512,0.0
115,0.01908796,0.0104077635,0.07731609,0.051242273,0.0,1160.0,0.6998187,0.39396816,0.48549095,-3.580419,0.0,0.9989795918367347,0.0,2320.0,0.0062500000931322575,0.999234693877551,0.0062500000931322575
116,0.019088455,0.010407563,0.077191725,0.051290218,0.0,1170.0,0.88206685,0.36108536,0.44255447,-2.2215762,0.0,0.9994897959183673,0.0,2340.0,0.0,0.9998724489795918,0.0
117,0.019090312,0.010406488,0.07707208,0.051335376,0.0,1180.0,0.9119725,0.4104406,0.5029737,-1.4828658,0.0,0.999234693877551,0.0,2360.0,0.0,0.9994897959183674,0.0
118,0.019091345,0.010405881,0.076986805,0.05136588,0.0,1190.0,0.51006174,0.43278494,0.49035552,-4.479474,0.0,0.9997448979591836,0.0,2380.0,0.0,0.9993622448979592,0.0
119,0.01909285,0.010405988,0.07691423,0.051390797,0.0,1200.0,1.4925787,0.4594751,0.56720245,-1.2058887,0.0,0.9987244897959184,0.0,2400.0,0.0062500000931322575,0.9996173469387755,0.0062500000931322575
120,0.0190939,0.010405365,0.076838605,0.05140488,0.0,1210.0,0.74672854,0.49485153,0.5428408,-0.6396413,0.0,1.0,0.0,2420.0,0.0,0.9996173469387755,0.0
121,0.019093847,0.010405741,0.07677192,0.05141744,0.0,1220.0,0.6326272,0.47095606,0.5815332,-1.9813142,0.0,0.9994897959183673,0.0,2440.0,0.0,0.9996173469387755,0.0
122,0.01909521,0.010405772,0.076720886,0.051429365,0.0,1230.0,1.6066437,0.4870305,0.573333,-0.6381875,0.0,0.9997448979591836,0.0,2460.0,0.0062500000931322575,0.9998724489795918,0.0062500000931322575
123,0.01909531,0.010405437,0.07666866,0.051445335,0.0,1240.0,0.40590298,0.4938576,0.5796387,-0.48808622,0.0,0.9997448979591836,0.0,2480.0,0.0,0.9996173469387755,0.0
124,0.019095521,0.0104060285,0.076618776,0.051464833,0.0,1250.0,1.8216449,0.52633893,0.6857842,-2.0790563,0.0,0.9987244897959184,0.0,2500.0,0.0,0.9993622448979593,0.0
125,0.019096477,0.010406297,0.07658076,0.051483296,0.0,1260.0,0.7405187,0.5062377,0.5830114,-2.3915238,0.0,1.0,0.0,2520.0,0.0,0.9996173469387755,0.0
126,0.019098027,0.010406021,0.076567896,0.051489677,0.0,1270.0,0.70584977,0.4680928,0.6109797,-0.077228665,0.0,1.0,0.0,2540.0,0.0,0.9997448979591836,0.0
127,0.019098077,0.010405583,0.07651895,0.05151155,0.0,1280.0,3.1335733,0.49597943,0.5648447,0.81326187,0.0,0.9971938775510204,0.0,2560.0,0.0,0.9997448979591836,0.0
128,0.019097127,0.010405522,0.07646112,0.051545948,0.0,1290.0,2.5359955,0.46726495,0.5642346,0.62003505,0.0,0.9994897959183674,0.0,2580.0,0.0,0.9994897959183674,0.0
129,0.01909598,0.01040583,0.07639152,0.051606465,0.0,1300.0,3.4191027,0.5721059,0.6722989,-0.93199337,0.0,0.9997448979591836,0.0,2600.0,0.0,0.9985969387755103,0.0
130,0.019098626,0.010405712,0.07635796,0.051652808,0.0,1310.0,2.6200597,0.41283825,0.5472872,0.4482448,0.0,0.999234693877551,0.0,2620.0,0.0,0.9985969387755103,0.0
131,0.019098625,0.01040593,0.076317966,0.05171977,0.0,1320.0,2.048983,0.48166382,0.6248994,-0.62045574,0.0,0.9989795918367348,0.0,2640.0,0.0062500000931322575,0.9997448979591836,0.0062500000931322575
132,0.019099541,0.0104047805,0.07630361,0.051790264,0.0,1330.0,2.6484356,0.4828567,0.6264963,-1.8620088,0.012500000186264515,0.999234693877551,0.012500000186264515,2660.0,0.0062500000931322575,0.9989795918367348,0.0062500000931322575
133,0.019099675,0.0104047805,0.07627451,0.051868945,0.0,1340.0,2.4810615,0.40092805,0.6043886,-0.027079292,0.0,0.9994897959183674,0.0,2680.0,0.0,0.9992346938775512,0.0
134,0.019099176,0.010404487,0.07624497,0.05192981,0.0,1350.0,1.6976395,0.4154762,0.4966207,-2.0546336,0.0,1.0,0.0,2700.0,0.0062500000931322575,0.999107142857143,0.0062500000931322575
135,0.019098599,0.010404693,0.076207094,0.052008774,0.0,1360.0,1.3527951,0.44960898,0.6193849,-2.8606853,0.0,0.9994897959183674,0.0,2720.0,0.012500000186264515,0.9988520408163266,0.012500000186264515
136,0.019099016,0.010404534,0.07615258,0.052097037,0.0,1370.0,3.1056225,0.45539093,0.6156003,-2.5745454,0.05000000074505806,0.9994897959183674,0.05000000074505806,2740.0,0.0,0.9993622448979593,0.0
137,0.01909952,0.01040418,0.07611634,0.052159414,0.0,1380.0,1.340026,0.46940842,0.57877374,-3.4446936,0.0,0.9997448979591836,0.0,2760.0,0.0,0.9992346938775512,0.0
138,0.019100552,0.010404171,0.0760946,0.052207485,0.0,1390.0,1.8537368,0.4935513,0.61571383,-1.941007,0.0,0.9997448979591836,0.0,2780.0,0.0,0.999107142857143,0.0
139,0.01910053,0.010404187,0.07608608,0.05226903,0.0,1400.0,1.5120484,0.47909498,0.5899143,-0.21937656,0.0,0.9997448979591836,0.0,2800.0,0.0,0.9985969387755103,0.0
140,0.01910043,0.010403497,0.0760561,0.05233937,0.0,1410.0,2.4675674,0.52927667,0.63485277,0.33242208,0.012500000186264515,0.9997448979591836,0.012500000186264515,2820.0,0.0,0.9992346938775512,0.0
141,0.019101754,0.0104037365,0.07603861,0.052409623,0.0,1420.0,1.8234526,0.54193944,0.7512036,-0.034036666,0.0,0.9987244897959184,0.0,2840.0,0.0,0.9989795918367348,0.0
142,0.019101208,0.010404098,0.076031506,0.05247277,0.0,1430.0,1.7024264,0.43794817,0.65299,-0.0034348667,0.0,0.999234693877551,0.0,2860.0,0.0,0.9993622448979592,0.0
143,0.019101903,0.01040435,0.07603281,0.052531417,0.0,1440.0,2.6998014,0.5162348,0.6993241,-0.6574944,0.0,0.9997448979591836,0.0,2880.0,0.0062500000931322575,0.9993622448979592,0.0062500000931322575
144,0.019099463,0.010404504,0.076013595,0.05260437,0.0,1450.0,2.2670796,0.4044814,0.653997,-0.795506,0.012500000186264515,0.9994897959183674,0.012500000186264515,2900.0,0.0,0.9989795918367348,0.0
145,0.019100176,0.010404486,0.07601376,0.052661482,0.0,1460.0,2.092022,0.45276746,0.62073386,-2.1409318,0.0,0.9997448979591836,0.0,2920.0,0.0,0.999107142857143,0.0
146,0.01909951,0.010404323,0.07600947,0.052977152,0.0,1470.0,4.0824165,0.4709732,0.62449455,-3.5417323,0.0,0.9997448979591836,0.0,2940.0,0.0062500000931322575,0.9992346938775512,0.0062500000931322575
147,0.019099953,0.010403999,0.07600787,0.053033672,0.0,1480.0,2.6209748,0.4815091,0.65036523,-0.3106414,0.0,0.9992346938775512,0.0,2960.0,0.0,0.999107142857143,0.0
148,0.019100199,0.010404404,0.075983234,0.053088658,0.0,1490.0,3.8592832,0.39719474,0.61171955,0.822361,0.0,0.9989795918367347,0.0,2980.0,0.0,0.9993622448979592,0.0
149,0.019100385,0.010404084,0.07597721,0.053139124,0.0,1500.0,1.8744584,0.49999586,0.59741116,-0.56523967,0.0,0.9997448979591836,0.0,3000.0,0.0,0.9987244897959184,0.0
150,0.0191004,0.0104034515,0.075974606,0.053211644,0.0,1510.0,1.8618164,0.5379827,0.6533593,0.63060486,0.0,0.9992346938775512,0.0,3020.0,0.0,0.9992346938775512,0.0
151,0.019101383,0.010403619,0.07598486,0.053243488,0.0,1520.0,2.5347471,0.5478477,0.7098208,1.42917,0.02500000037252903,0.9979591836734695,0.02500000037252903,3040.0,0.0,0.9988520408163266,0.0
152,0.019101162,0.010403188,0.076012515,0.053271674,0.0,1530.0,4.5440435,0.5674103,0.6997552,0.9383997,0.0,0.9987244897959184,0.0,3060.0,0.0,0.9994897959183674,0.0
153,0.019101579,0.010403527,0.0760324,0.053300824,0.0,1540.0,2.1214333,0.5261456,0.7186798,-4.7101426,0.012500000186264515,1.0,0.012500000186264515,3080.0,0.0062500000931322575,0.9994897959183674,0.0062500000931322575
154,0.019101935,0.010403227,0.07605055,0.053323507,0.0,1550.0,5.8875303,0.61929834,0.6805154,-0.3803365,0.0,0.9928571428571429,0.0,3100.0,0.0,0.9988520408163266,0.0
155,0.019101482,0.010402947,0.07609806,0.053349726,0.0,1560.0,11.547975,0.62747717,0.76511836,1.3455615,0.0,0.9989795918367348,0.0,3120.0,0.0062500000931322575,0.9988520408163266,0.0062500000931322575
156,0.019102387,0.01040323,0.076131076,0.053383697,0.0,1570.0,4.8302317,0.5432366,0.73233783,0.17976873,0.0,0.9989795918367348,0.0,3140.0,0.0062500000931322575,0.9982142857142857,0.0062500000931322575
157,0.019102953,0.010402902,0.07616213,0.05343048,0.0,1580.0,3.0995965,0.45420069,0.77446175,-4.1522813,0.0,0.9992346938775512,0.0,3160.0,0.0062500000931322575,0.9988520408163266,0.0062500000931322575
158,0.019103497,0.010403507,0.07617879,0.053489003,0.0,1590.0,3.3239393,0.43240416,0.6855682,4.349396,0.0,0.9982142857142857,0.0,3180.0,0.0,0.9980867346938775,0.0
159,0.01910415,0.010403054,0.076181814,0.053578448,0.0,1600.0,2.2105098,0.45786548,0.7346051,2.6107655,0.0,0.9982142857142857,0.0,3200.0,0.0,0.9982142857142857,0.0
160,0.019103639,0.010402546,0.076160766,0.053674705,0.0,1610.0,2.4367516,0.39059457,0.6507805,1.8675003,0.0,0.9984693877551021,0.0,3220.0,0.0,0.9987244897959184,0.0
161,0.019103246,0.010403182,0.07614736,0.05376007,0.0,1620.0,2.1963563,0.34203133,0.6911867,-0.5472507,0.0,0.9994897959183674,0.0,3240.0,0.0,0.9994897959183674,0.0
162,0.01910333,0.010403321,0.07612829,0.053860124,0.0,1630.0,3.50941,0.40709066,0.6587664,-0.4838146,0.0,0.9984693877551021,0.0,3260.0,0.0,0.9982142857142857,0.0
163,0.019104116,0.0104033565,0.07611953,0.05394179,0.0,1640.0,3.533476,0.4692027,0.740464,1.687874,0.0,0.9997448979591836,0.0,3280.0,0.0,0.9992346938775512,0.0
164,0.01910485,0.010403423,0.0760999,0.05402173,0.0,1650.0,3.2836685,0.38537684,0.5963179,-0.6949988,0.0,0.9994897959183673,0.0,3300.0,0.0,0.999107142857143,0.0
165,0.019104889,0.010403791,0.076108515,0.05408486,0.0,1660.0,3.9408689,0.45122296,0.6966497,1.030951,0.0,0.9987244897959184,0.0,3320.0,0.0,0.9982142857142857,0.0
166,0.019104125,0.010403372,0.07612623,0.05414665,0.0,1670.0,3.0312462,0.49994153,0.7019517,0.24620718,0.0,0.9994897959183674,0.0,3340.0,0.0,0.9989795918367348,0.0
167,0.019103851,0.010402523,0.07614665,0.054201007,0.0,1680.0,3.021064,0.45130897,0.62237334,1.3119569,0.0,0.9989795918367348,0.0,3360.0,0.0,0.9989795918367348,0.0
168,0.019104518,0.010402641,0.076170474,0.054254636,0.0,1690.0,2.828691,0.49507365,0.77161026,-0.050467044,0.0,0.9994897959183673,0.0,3380.0,0.0,0.9988520408163266,0.0
169,0.019105226,0.010402656,0.076179385,0.054298554,0.0,1700.0,3.0353673,0.46687123,0.7488808,-1.933361,0.0,1.0,0.0,3400.0,0.0,0.9983418367346939,0.0
170,0.019104952,0.010402226,0.076199025,0.054343842,0.0,1710.0,2.4846199,0.5339993,0.72871494,1.0987474,0.0,0.9994897959183673,0.0,3420.0,0.0,0.9988520408163266,0.0
171,0.019104406,0.0104022985,0.07623173,0.054367077,0.0,1720.0,3.5731044,0.5268689,0.7603941,0.32040322,0.0,0.999234693877551,0.0,3440.0,0.0,0.9989795918367348,0.0
172,0.01910509,0.010402798,0.07628603,0.05439163,0.0,1730.0,2.0638976,0.5540345,0.67263854,-1.5056783,0.0,0.9997448979591836,0.0,3460.0,0.0,0.9979591836734694,0.0
173,0.019105889,0.010403284,0.07630351,0.054429002,0.0,1740.0,2.611538,0.5341352,0.66725147,-2.524819,0.0,0.9997448979591836,0.0,3480.0,0.0,0.9961734693877551,0.0
174,0.019105332,0.01040315,0.07632273,0.05445737,0.0,1750.0,4.9483137,0.5767331,0.702597,-1.6287911,0.0,0.9982142857142857,0.0,3500.0,0.0062500000931322575,0.9985969387755103,0.0062500000931322575
175,0.019104239,0.010402778,0.07635448,0.05447452,0.0,1760.0,3.0793934,0.5741211,0.63365716,0.579792,0.0,0.9994897959183673,0.0,3520.0,0.0062500000931322575,0.9989795918367348,0.0062500000931322575
176,0.019104417,0.01040274,0.07639819,0.054487083,0.0,1770.0,5.5824842,0.71920025,0.7569923,1.5820866,0.0,0.9992346938775512,0.0,3540.0,0.0,0.9989795918367348,0.0
177,0.019104755,0.010402678,0.076398164,0.054525588,0.0,1780.0,1.8736899,0.47379708,0.53526974,-0.8760912,0.0,0.9997448979591836,0.0,3560.0,0.0,0.9997448979591836,0.0
178,0.019103823,0.010402581,0.07640072,0.0545412,0.0,1790.0,1.4492658,0.5513073,0.63839287,1.4746959,0.0,0.9994897959183674,0.0,3580.0,0.0,0.9994897959183674,0.0
179,0.0191037,0.010402582,0.07637935,0.05457377,0.0,1800.0,1.7867558,0.524165,0.62972605,-3.0088625,0.0,1.0,0.0,3600.0,0.0,0.999234693877551,0.0
180,0.019104017,0.0104022445,0.07634142,0.0546078,0.0,1810.0,0.99788487,0.4500724,0.55860186,-2.07968,0.0,0.9997448979591836,0.0,3620.0,0.0062500000931322575,0.9992346938775512,0.0062500000931322575
181,0.019104611,0.010402359,0.076310955,0.05465226,0.0,1820.0,2.500422,0.46703896,0.5423528,-2.109137,0.0,1.0,0.0,3640.0,0.0,0.9996173469387756,0.0
182,0.019103177,0.010402522,0.07627671,0.054680947,0.0,1830.0,1.7282447,0.5796391,0.663455,0.5282771,0.0,1.0,0.0,3660.0,0.0062500000931322575,0.9996173469387755,0.0062500000931322575
183,0.01910421,0.010402882,0.07624722,0.05471269,0.0,1840.0,5.527026,0.4857036,0.5764812,0.6804046,0.0,0.999234693877551,0.0,3680.0,0.0,0.9998724489795918,0.0
184,0.019104384,0.010403041,0.0762176,0.054752838,0.0,1850.0,1.1166661,0.509321,0.5781579,-0.6400493,0.0,1.0,0.0,3700.0,0.0,0.9996173469387755,0.0
185,0.019104116,0.01040302,0.07619464,0.054800507,0.0,1860.0,0.3579902,0.33910733,0.43872696,0.014069974,0.0,0.9997448979591836,0.0,3720.0,0.0,0.9997448979591836,0.0
186,0.019104542,0.010403334,0.07612623,0.05488492,0.0,1870.0,2.3437483,0.30264768,0.3537619,3.1855443,0.0,0.9948979591836735,0.0,3740.0,0.0,0.9993622448979591,0.0
187,0.01910473,0.010403916,0.07600783,0.054983195,0.0,1880.0,1.4570556,0.31889367,0.36188835,0.36375964,0.0,0.9994897959183673,0.0,3760.0,0.0,0.9985969387755103,0.0
188,0.019104758,0.010403915,0.07589785,0.055088203,0.0,1890.0,4.9210687,0.23784402,0.364626,-5.038761,0.0,0.9892857142857143,0.0,3780.0,0.0,0.9974489795918368,0.0
189,0.019104619,0.010403819,0.07580379,0.055195086,0.0,1900.0,8.954584,0.35667646,0.49475363,0.2823615,0.0,0.9908163265306122,0.0,3800.0,0.0,0.9963010204081633,0.0
190,0.01910451,0.01040376,0.075731024,0.055266503,0.0,1910.0,9.565183,0.27601725,0.38294554,5.786204,0.0,0.9739795918367347,0.0,3820.0,0.0,0.9920918367346939,0.0
191,0.01910437,0.010403939,0.07567307,0.055347994,0.0,1920.0,14.165587,0.32071212,0.5223663,-1.1954013,0.0,0.9801020408163266,0.0,3840.0,0.0,0.9681122448979592,0.0
192,0.019105084,0.010403793,0.07560355,0.055432882,0.0,1930.0,9.588605,0.30037832,0.49697942,-1.663491,0.012500000186264515,0.999234693877551,0.012500000186264515,3860.0,0.0,0.9929846938775511,0.0
193,0.0191045,0.010403908,0.075597845,0.05548117,0.0,1940.0,6.60328,0.40475124,0.5592264,1.4237955,0.0,0.9989795918367348,0.0,3880.0,0.0,0.9908163265306122,0.0
194,0.019105794,0.01040418,0.07555454,0.05559714,0.0,1950.0,10.5290165,0.45816755,0.557323,-4.8076935,0.0,0.9984693877551021,0.0,3900.0,0.0,0.996811224489796,0.0
195,0.019105168,0.010404303,0.075538225,0.05564198,0.0,1960.0,30.15292,0.5541595,0.6511582,2.1674583,0.0,0.9895408163265306,0.0,3920.0,0.0,0.9934948979591838,0.0
196,0.019105276,0.010404114,0.07553489,0.055680066,0.0,1970.0,8.941854,0.42669666,0.49332523,-2.058705,0.02500000037252903,0.997704081632653,0.02500000037252903,3940.0,0.0,0.9906887755102041,0.0
197,0.019104952,0.010404034,0.075554274,0.0556964,0.0,1980.0,8.3959875,0.48165762,0.6180049,-1.1623794,0.0,0.9989795918367347,0.0,3960.0,0.0,0.9979591836734694,0.0
198,0.019105285,0.010403809,0.07556664,0.055714164,0.0,1990.0,9.492963,0.51248217,0.6448909,0.86449945,0.0,0.9989795918367348,0.0,3980.0,0.0,0.9993622448979593,0.0
199,0.019105162,0.010404076,0.07558554,0.055725683,0.0,2000.0,10.068999,0.42035306,0.6013436,2.558227,0.012500000186264515,0.9989795918367348,0.012500000186264515,4000.0,0.0,0.9989795918367347,0.0
200,0.019105537,0.010404234,0.07556911,0.0557543,0.0,2010.0,5.890337,0.4615152,0.5739791,-0.3757168,0.0,1.0,0.0,4020.0,0.0,0.9987244897959184,0.0
201,0.019105684,0.010404148,0.07555923,0.05578249,0.0,2020.0,1.4873645,0.36712614,0.50374055,0.035566024,0.0,1.0,0.0,4040.0,0.0062500000931322575,0.9993622448979592,0.0062500000931322575
202,0.019105326,0.010404281,0.075527966,0.055819906,0.0,2030.0,1.2799739,0.3685079,0.56049013,-0.996889,0.0,1.0,0.0,4060.0,0.0,1.0,0.0
203,0.019104522,0.010404181,0.0755081,0.05583736,0.0,2040.0,4.0721984,0.44054773,0.6197925,-0.008071989,0.0,1.0,0.0,4080.0,0.0,0.9993622448979592,0.0
204,0.0191026,0.010404233,0.07547984,0.05585751,0.0,2050.0,5.2763014,0.4498508,0.57120395,-5.174388,0.0,0.9984693877551021,0.0,4100.0,0.0,0.999107142857143,0.0
205,0.019103428,0.010404171,0.07546654,0.055870023,0.0,2060.0,2.2791867,0.42400438,0.5360162,-3.6426382,0.012500000186264515,1.0,0.012500000186264515,4120.0,0.0,0.9997448979591836,0.0
206,0.019103799,0.0104040345,0.07545036,0.055886246,0.0,2070.0,2.103598,0.47984064,0.60781664,1.6371331,0.0,0.9994897959183674,0.0,4140.0,0.0,0.9997448979591836,0.0
207,0.019103142,0.010403888,0.07545482,0.055891603,0.0,2080.0,0.5287723,0.53113043,0.59611154,0.8563026,0.0,1.0,0.0,4160.0,0.0,0.9993622448979593,0.0
208,0.019104624,0.010403809,0.07546698,0.055894405,0.0,2090.0,1.1821035,0.50693005,0.62447035,1.8568585,0.0,0.9994897959183673,0.0,4180.0,0.0,0.9994897959183674,0.0
209,0.019103773,0.0104039945,0.07545525,0.05589934,0.0,2100.0,0.98098695,0.52431357,0.5671841,-1.3859715,0.0,0.9989795918367348,0.0,4200.0,0.0,0.9994897959183674,0.0
210,0.019103177,0.010404108,0.07545867,0.055908114,0.0,2110.0,0.59115326,0.53999174,0.6404593,0.2982313,0.0,0.9997448979591836,0.0,4220.0,0.0,0.9993622448979593,0.0
211,0.01910329,0.010403972,0.07547043,0.055908006,0.0,2120.0,1.9129086,0.47729805,0.5720676,-0.7455851,0.0,1.0,0.0,4240.0,0.0,0.9993622448979593,0.0
212,0.01910392,0.010403684,0.075466186,0.055906493,0.0,2130.0,0.58888185,0.492514,0.548306,0.46148294,0.0,0.9994897959183673,0.0,4260.0,0.0,0.9992346938775512,0.0
213,0.019104077,0.010403406,0.07547102,0.055900652,0.0,2140.0,1.3458816,0.52654827,0.6104185,-0.711418,0.0,0.9994897959183674,0.0,4280.0,0.0,0.9993622448979592,0.0
214,0.019103719,0.010403291,0.07549236,0.060667768,0.0,2150.0,4.444308,0.49513125,0.54389644,5.324254,0.0,0.9989795918367347,0.0,4300.0,0.0,0.9993622448979593,0.0
215,0.019104356,0.010402882,0.07549241,0.060663126,0.0,2160.0,1.6497192,0.5072256,0.5661868,2.0827608,0.0,0.9994897959183673,0.0,4320.0,0.0062500000931322575,0.9993622448979592,0.0
216,0.019103743,0.010403318,0.075490296,0.060660027,0.0,2170.0,1.2906075,0.46426153,0.51992667,0.5786748,0.02500000037252903,0.999234693877551,0.02500000037252903,4340.0,0.0062500000931322575,0.9993622448979592,0.0062500000931322575
217,0.019102508,0.010403302,0.075498,0.06064741,0.0,2180.0,2.88861,0.54177475,0.5685568,1.2714992,0.0,0.9997448979591836,0.0,4360.0,0.0,0.9993622448979593,0.0
218,0.019102704,0.010403333,0.07551687,0.060628206,0.0,2190.0,2.1349263,0.54403925,0.5692697,0.3609886,0.0,1.0,0.0,4380.0,0.0,0.999107142857143,0.0
219,0.019103376,0.010403186,0.075520545,0.06062448,0.0,2200.0,3.4640465,0.5481359,0.5951632,0.4068797,0.0,0.9997448979591836,0.0,4400.0,0.0,0.999234693877551,0.0
220,0.019103162,0.010402835,0.07552443,0.060610637,0.0,2210.0,1.6959953,0.5544205,0.6638222,0.8559233,0.0,0.9997448979591836,0.0,4420.0,0.0,0.9997448979591836,0.0
221,0.01910349,0.010402949,0.0755381,0.060601726,0.0,2220.0,1.3945113,0.5480951,0.60896206,0.49744913,0.0,0.9994897959183674,0.0,4440.0,0.0,0.9992346938775512,0.0
222,0.019103317,0.01040271,0.07554379,0.060607467,0.0,2230.0,1.2671384,0.5476768,0.597769,-0.66134584,0.0,0.9997448979591836,0.0,4460.0,0.0,0.9993622448979593,0.0
223,0.019103123,0.010402731,0.075558215,0.060617678,0.0,2240.0,0.68290854,0.5735008,0.6572734,3.7576165,0.0,0.9989795918367348,0.0,4480.0,0.0,0.9997448979591836,0.0
224,0.019102264,0.0104029,0.075572185,0.06063722,0.0,2250.0,0.9336257,0.58486664,0.61951035,1.5805273,0.0,0.9994897959183673,0.0,4500.0,0.0,0.9987244897959184,0.0
225,0.019101761,0.010403051,0.07555765,0.060669653,0.0,2260.0,1.2600646,0.47149667,0.5364362,0.32750985,0.0,0.9994897959183673,0.0,4520.0,0.0,0.9993622448979593,0.0
226,0.0191015,0.010403138,0.075547144,0.060701855,0.0,2270.0,3.4237947,0.5219562,0.55052435,-0.11436248,0.0,0.9994897959183674,0.0,4540.0,0.0,0.9996173469387756,0.0
227,0.019101257,0.010403331,0.07556594,0.060946494,0.0,2280.0,0.16763191,0.46986714,0.53910244,1.2718705,0.0,0.9997448979591836,0.0,4560.0,0.0,0.9993622448979592,0.0
228,0.019101242,0.010403197,0.075608596,0.061083753,0.0,2290.0,0.21100526,0.52556103,0.5943669,-0.96328974,0.0,1.0,0.0,4580.0,0.0,0.9993622448979593,0.0
229,0.019101191,0.010402884,0.0756378,0.061120734,0.0,2300.0,0.6076622,0.56155384,0.66562474,3.1349034,0.0,0.9984693877551021,0.0,4600.0,0.0,0.9993622448979593,0.0
230,0.019100957,0.010402441,0.07565242,0.06116132,0.0,2310.0,0.7108458,0.41240978,0.5075711,0.5686929,0.0,0.9994897959183674,0.0,4620.0,0.0,0.9993622448979592,0.0
231,0.01910096,0.010402546,0.07565329,0.061252244,0.0,2320.0,0.23227262,0.41750216,0.525508,0.9411247,0.0,1.0,0.0,4640.0,0.0,0.9997448979591836,0.0
232,0.019101627,0.010402683,0.07563729,0.061318923,0.0,2330.0,0.19602188,0.37848487,0.4632583,-0.43342337,0.0,1.0,0.0,4660.0,0.0,0.9997448979591836,0.0
233,0.019103067,0.01040279,0.07559185,0.06140964,0.0,2340.0,0.2910015,0.3319214,0.44103873,-0.062008142,0.0,0.9997448979591836,0.0,4680.0,0.0,0.9998724489795918,0.0
234,0.019102765,0.010402833,0.07553691,0.061477233,0.0,2350.0,0.36889935,0.2930235,0.41423693,-1.186316,0.0,0.9997448979591836,0.0,4700.0,0.0,0.9996173469387755,0.0
235,0.019102715,0.010402553,0.07548892,0.061520457,0.0,2360.0,0.5696591,0.34293717,0.4237793,-0.55813944,0.0,1.0,0.0,4720.0,0.0,0.9992346938775512,0.0
236,0.019102914,0.010402548,0.07544888,0.061554123,0.0,2370.0,0.6287853,0.31841213,0.4747795,0.2314634,0.0,0.999234693877551,0.0,4740.0,0.0,0.9997448979591836,0.0
237,0.019102804,0.010402538,0.07540704,0.06160075,0.0,2380.0,0.4063985,0.35965407,0.51038027,-0.14710814,0.0,1.0,0.0,4760.0,0.0,0.9994897959183674,0.0
238,0.019102154,0.010402842,0.07537048,0.061636336,0.0,2390.0,0.6093016,0.30355334,0.5121456,0.86509764,0.0,0.9987244897959184,0.0,4780.0,0.0,0.9997448979591836,0.0
239,0.019102518,0.010402849,0.07533542,0.061666362,0.0,2400.0,0.6008179,0.28812653,0.42732278,1.0026518,0.0,0.9984693877551021,0.0,4800.0,0.0,0.9996173469387755,0.0
240,0.01910218,0.010402905,0.075293586,0.061689354,0.0,2410.0,0.42069808,0.3314739,0.47783372,-0.50931764,0.0,0.9997448979591836,0.0,4820.0,0.0,1.0,0.0
241,0.0191018,0.010402869,0.07525361,0.061712593,0.0,2420.0,0.3503408,0.37061,0.51018846,-0.3165152,0.0,1.0,0.0,4840.0,0.0,0.9951530612244899,0.0
242,0.019102639,0.010402617,0.07524162,0.06172223,0.0,2430.0,2.7614055,0.39906716,0.5546309,1.9645699,0.0,0.9987244897959184,0.0,4860.0,0.0,1.0,0.0
243,0.019102024,0.010402464,0.07522076,0.06173481,0.0,2440.0,5.528009,0.4590317,0.6319456,2.809991,0.012500000186264515,0.999234693877551,0.012500000186264515,4880.0,0.0,0.9959183673469388,0.0
244,0.0191026,0.01040247,0.07520925,0.061752066,0.0,2450.0,4.7666745,0.50791585,0.60810536,-1.2004323,0.012500000186264515,0.9974489795918368,0.012500000186264515,4900.0,0.0,0.9994897959183674,0.0
245,0.019102,0.010402356,0.07518621,0.061764255,0.0,2460.0,5.669703,0.3965785,0.53469366,-1.1094903,0.0,0.9964285714285714,0.0,4920.0,0.0,0.9982142857142857,0.0
246,0.019102545,0.010402318,0.07516733,0.061779577,0.0,2470.0,1.9840215,0.37043726,0.545737,-1.4807839,0.0,1.0,0.0,4940.0,0.0,0.997576530612245,0.0
247,0.019102199,0.0104020815,0.07514923,0.06178782,0.0,2480.0,2.0767856,0.37371248,0.5040684,0.91947174,0.0,0.9997448979591836,0.0,4960.0,0.0,0.9989795918367348,0.0
248,0.019103281,0.010401957,0.075126015,0.061800838,0.0,2490.0,0.89974093,0.37113604,0.50471723,0.32786083,0.0,0.999234693877551,0.0,4980.0,0.0,0.9994897959183674,0.0
249,0.01910416,0.010401895,0.075091474,0.061810534,0.0,2500.0,1.0705872,0.3647081,0.46346262,-1.7720096,0.0,1.0,0.0,5000.0,0.0,0.9993622448979593,0.0
250,0.01910341,0.010401918,0.07505007,0.06182688,0.0,2510.0,0.65955,0.39173177,0.52147126,-0.8458397,0.0,0.9997448979591836,0.0,5020.0,0.0062500000931322575,0.9996173469387755,0.0062500000931322575
251,0.019102966,0.0104019465,0.075012416,0.061841145,0.0,2520.0,1.2252109,0.35117608,0.462682,0.44602084,0.0,0.9982142857142857,0.0,5040.0,0.0,0.9997448979591836,0.0
252,0.019102782,0.010401998,0.07497061,0.06185627,0.0,2530.0,0.5131488,0.29005963,0.43381485,-0.16343889,0.0,1.0,0.0,5060.0,0.0,0.9996173469387755,0.0
253,0.019102186,0.010401484,0.07492342,0.061869726,0.0,2540.0,0.51294035,0.31905586,0.46615404,0.79198366,0.0,0.9997448979591836,0.0,5080.0,0.0062500000931322575,0.9998724489795918,0.0062500000931322575
254,0.019101774,0.010401387,0.07486049,0.06189239,0.0,2550.0,0.36116442,0.27923018,0.3734563,-0.69378656,0.0,1.0,0.0,5100.0,0.0,0.999234693877551,0.0
255,0.019101588,0.010401548,0.0748146,0.061920308,0.0,2560.0,0.29752684,0.30571944,0.42733377,0.08047036,0.0,0.9994897959183673,0.0,5120.0,0.0,0.9997448979591836,0.0
256,0.019102143,0.010401597,0.07475653,0.061934877,0.0,2570.0,0.567435,0.26484403,0.36136532,0.06603348,0.0,1.0,0.0,5140.0,0.0,0.9996173469387755,0.0
257,0.01910201,0.01040157,0.07468911,0.06195476,0.0,2580.0,0.68791664,0.3230993,0.418639,-0.8635161,0.0,0.9997448979591836,0.0,5160.0,0.0,0.9996173469387756,0.0
258,0.019102318,0.010401259,0.07462511,0.06197231,0.0,2590.0,0.16804105,0.3303538,0.4113721,0.5962442,0.0,0.9997448979591836,0.0,5180.0,0.0,0.9998724489795918,0.0
259,0.019102516,0.010401457,0.07457028,0.06198672,0.0,2600.0,0.52543604,0.30519593,0.38906074,0.36537436,0.0,0.9997448979591836,0.0,5200.0,0.0,1.0,0.0
260,0.019102896,0.010401286,0.074510165,0.06199812,0.0,2610.0,0.16582143,0.3299288,0.38927525,-0.1279226,0.0,1.0,0.0,5220.0,0.0,0.9997448979591836,0.0
261,0.019101972,0.010401667,0.074458055,0.062007062,0.0,2620.0,0.5817412,0.32257232,0.38229358,-0.93689644,0.0,1.0,0.0,5240.0,0.0,0.9998724489795918,0.0
262,0.019101717,0.0104015125,0.07440613,0.062032938,0.0,2630.0,0.15272842,0.38705447,0.45904967,0.5492426,0.0,1.0,0.0,5260.0,0.0,1.0,0.0
263,0.019101968,0.010401358,0.07434657,0.062049944,0.0,2640.0,0.153,0.32971597,0.40214714,1.3196921,0.0,0.9997448979591836,0.0,5280.0,0.0,0.9992346938775512,0.0
264,0.019102054,0.010401156,0.074290946,0.062077664,0.0,2650.0,0.30674952,0.2867852,0.34664518,-0.097683966,0.0,1.0,0.0,5300.0,0.0,0.9996173469387755,0.0
265,0.01910191,0.010401465,0.07424073,0.062110186,0.0,2660.0,0.42471486,0.31920892,0.3957542,0.873958,0.0,0.9994897959183674,0.0,5320.0,0.0,0.9994897959183674,0.0
266,0.019102212,0.010401506,0.07418647,0.06214799,0.0,2670.0,0.39614898,0.27473032,0.37232965,0.70541,0.0,1.0,0.0,5340.0,0.0,0.9997448979591836,0.0
267,0.01910241,0.010401295,0.07411798,0.062197804,0.0,2680.0,0.1281083,0.26095167,0.32271072,0.9045135,0.0,1.0,0.0,5360.0,0.0,0.9998724489795918,0.0
268,0.019102784,0.010401197,0.07404637,0.06226677,0.0,2690.0,0.16621768,0.22447357,0.3064734,0.5079487,0.0,1.0,0.0,5380.0,0.0,0.9998724489795918,0.0
269,0.019102734,0.010401325,0.07397249,0.062339272,0.0,2700.0,0.050932214,0.24320638,0.3324319,-1.0509081,0.0,1.0,0.0,5400.0,0.0,1.0,0.0
270,0.019102775,0.010401166,0.07389936,0.06242515,0.0,2710.0,0.10577909,0.27004328,0.37969446,0.19798899,0.0,0.9997448979591836,0.0,5420.0,0.0,0.9994897959183674,0.0
271,0.019102799,0.010400948,0.0738478,0.062474266,0.0,2720.0,0.024029411,0.30285645,0.35069478,-0.45753825,0.0,1.0,0.0,5440.0,0.0,1.0,0.0
272,0.01910303,0.010400823,0.07380285,0.06249484,0.0,2730.0,0.04104923,0.3534811,0.40861902,-0.9032011,0.0,1.0,0.0,5460.0,0.0,0.9994897959183674,0.0
273,0.019103939,0.010400682,0.0737679,0.06251011,0.0,2740.0,0.03812892,0.3683351,0.45692134,0.3085814,0.0,0.9997448979591836,0.0,5480.0,0.0,0.9997448979591836,0.0
274,0.019104533,0.010400513,0.07372971,0.06252064,0.0,2750.0,0.05892337,0.45905355,0.5762935,-0.20968057,0.0,0.9997448979591836,0.0,5500.0,0.0,1.0,0.0
275,0.019104242,0.01040039,0.07370926,0.062523894,0.0,2760.0,0.048826084,0.49993548,0.5718399,0.0431981,0.0,1.0,0.0,5520.0,0.0,0.9993622448979592,0.0
276,0.01910421,0.01040052,0.07368899,0.06252474,0.0,2770.0,0.05637745326384902,0.5085931,0.6025989,-0.5678693,0.0,1.0,0.0,5540.0,0.0,0.9997448979591836,0.0
277,0.019103833,0.010400249,0.073664844,0.06253006,0.0,2780.0,0.04577878,0.4651929,0.5209455,-0.3555477,0.0,1.0,0.0,5560.0,0.0,1.0,0.0
278,0.019103436,0.010400311,0.0736524,0.062525675,0.0,2790.0,0.068592,0.4441095,0.49682343,-0.119067915,0.0,1.0,0.0,5580.0,0.0,0.9997448979591836,0.0
279,0.019102909,0.010400238,0.07365356,0.06253578,0.0,2800.0,0.10798454,0.5900295,0.6302891,-4.6552134,0.0,1.0,0.0,5600.0,0.0,0.9998724489795918,0.0
280,0.01910309,0.010400093,0.07368133,0.062544644,0.0,2810.0,0.09140304,0.51413095,0.67456514,0.9751961,0.0,0.9989795918367348,0.0,5620.0,0.0,0.9997448979591836,0.0
281,0.019103432,0.010400178,0.07369957,0.062549815,0.0,2820.0,0.090733595,0.4783227,0.69425,0.52535284,0.0,0.9997448979591836,0.0,5640.0,0.0,0.9997448979591836,0.0
282,0.019103495,0.010400249,0.07372022,0.06255153,0.0,2830.0,0.09366603,0.5101128,0.6478592,2.1909373,0.0,0.9997448979591836,0.0,5660.0,0.0,0.9997448979591836,0.0
283,0.019103663,0.0103999,0.0737373,0.06254283,0.0,2840.0,0.041060172,0.50852394,0.6654105,0.85109794,0.0,1.0,0.0,5680.0,0.0,1.0,0.0
284,0.019104145,0.010399936,0.073747456,0.06252516,0.0,2850.0,0.058279514,0.5167062,0.5860269,-0.46657628,0.0,1.0,0.0,5700.0,0.0,0.9998724489795918,0.0
285,0.019104302,0.010400093,0.07375657,0.06250304,0.0,2860.0,0.089561075,0.47852466,0.672338,0.037225932,0.0,0.9997448979591836,0.0,5720.0,0.0,0.9998724489795918,0.0
286,0.019103974,0.010400284,0.07376724,0.06249172,0.0,2870.0,0.07656297,0.5741324,0.6593814,-0.27968252,0.0,1.0,0.0,5740.0,0.0,0.9997448979591836,0.0
287,0.019103415,0.010400043,0.07378451,0.062478274,0.0,2880.0,0.101337075,0.55498314,0.6357393,-0.08311874,0.0,0.9997448979591836,0.0,5760.0,0.0,1.0,0.0
288,0.019102605,0.010400212,0.07380372,0.06246647,0.0,2890.0,0.10581494,0.56681335,0.6074556,-0.04477231,0.0,1.0,0.0,5780.0,0.0,0.9994897959183674,0.0
289,0.019103063,0.010400354,0.073820174,0.062462654,0.0,2900.0,0.11634144,0.5970491,0.65774584,0.66581976,0.0,0.9997448979591836,0.0,5800.0,0.0,0.9998724489795918,0.0
290,0.019102879,0.010400187,0.07382644,0.062457953,0.0,2910.0,0.08593218,0.5103936,0.5705903,-0.09145562,0.0,1.0,0.0,5820.0,0.0,0.9997448979591836,0.0
291,0.019102888,0.010400302,0.073836215,0.06244836,0.0,2920.0,0.06868522,0.5887731,0.65018773,1.2858206,0.0,0.9994897959183673,0.0,5840.0,0.0,1.0,0.0
292,0.019103104,0.0104004955,0.07385818,0.062433846,0.0,2930.0,0.089949295,0.6295297,0.6724736,0.08541426,0.0,0.9997448979591836,0.0,5860.0,0.0,0.9998724489795918,0.0
293,0.019102989,0.010400615,0.073874414,0.06243345,0.0,2940.0,0.120563835,0.63514245,0.6737806,-0.78862715,0.0,1.0,0.0,5880.0,0.0,0.9997448979591836,0.0
294,0.019102989,0.010400836,0.073893644,0.062426057,0.0,2950.0,0.31573135,0.6045222,0.6774611,-1.451672,0.0,1.0,0.0,5900.0,0.0,0.9996173469387755,0.0
295,0.019102871,0.010400912,0.07392829,0.062424947,0.0,2960.0,0.3039902,0.6459024,0.7189472,-1.0613031,0.0,0.9997448979591836,0.0,5920.0,0.0,0.9994897959183674,0.0
296,0.019101651,0.01040092,0.073960945,0.062416412,0.0,2970.0,0.34144896,0.60544646,0.6908417,0.52012354,0.0,1.0,0.0,5940.0,0.0,1.0,0.0
297,0.019101763,0.010400746,0.07398359,0.06240039,0.0,2980.0,0.12931767,0.61747324,0.67671734,0.5073043,0.0,0.9997448979591836,0.0,5960.0,0.0,0.9997448979591836,0.0
298,0.01910192,0.01040061,0.074014425,0.062396914,0.0,2990.0,0.11377973,0.6446077,0.6997772,-1.3415735,0.0,1.0,0.0,5980.0,0.0,0.9998724489795918,0.0
299,0.01910206,0.010400552,0.07404182,0.062385418,0.0,3000.0,0.07502067,0.6217279,0.6609264,0.29877812,0.0,1.0,0.0,6000.0,0.0,0.9996173469387755,0.0
300,0.019102337,0.010400922,0.07406062,0.06237002,0.0,3010.0,0.03804396,0.6217712,0.6677631,-0.101835,0.0,1.0,0.0,6020.0,0.0,0.9998724489795918,0.0
301,0.019102577,0.0104010925,0.074087426,0.062344067,0.0,3020.0,0.058900908,0.64610183,0.676772,-0.1296854,0.0,1.0,0.0,6040.0,0.0,0.9998724489795918,0.0
302,0.019103048,0.010401054,0.074105166,0.06232981,0.0,3030.0,0.17786747,0.6691612,0.71255463,-0.6818667,0.0,1.0,0.0,6060.0,0.0,1.0,0.0
303,0.019102868,0.010401096,0.07412954,0.06230813,0.0,3040.0,0.06661205,0.54164445,0.58770305,0.012937427,0.0,0.9997448979591836,0.0,6080.0,0.0,0.9996173469387755,0.0
304,0.019102888,0.010401168,0.074139975,0.062279604,0.0,3050.0,0.023654316,0.6167798,0.64640844,-0.076082535,0.0,1.0,0.0,6100.0,0.0,0.9998724489795918,0.0
305,0.019103326,0.010401208,0.074144214,0.062257178,0.0,3060.0,0.029510409,0.5902177,0.6523123,0.061102465,0.0,1.0,0.0,6120.0,0.0,1.0,0.0
306,0.019103717,0.010401151,0.074137054,0.062237963,0.0,3070.0,0.122457705,0.56214225,0.7099879,0.17285612,0.0,1.0,0.0,6140.0,0.0,0.9997448979591836,0.0
307,0.01910402,0.010401042,0.07413825,0.062225215,0.0,3080.0,0.12853454,0.49664125,0.6250641,-0.0648102,0.0,1.0,0.0,6160.0,0.0,0.9996173469387755,0.0
308,0.01910434,0.010401182,0.07413209,0.062212564,0.0,3090.0,0.18764204,0.5246926,0.63000154,0.10843557,0.0,1.0,0.0,6180.0,0.0,1.0,0.0
309,0.019104177,0.010401186,0.07413975,0.062213104,0.0,3100.0,0.23614061,0.51252395,0.6526661,0.47237659,0.0,1.0,0.0,6200.0,0.0,0.9996173469387755,0.0
310,0.01910401,0.0104013095,0.07414347,0.06219927,0.0,3110.0,0.51905686,0.39284828,0.55599403,0.646183,0.0,0.9997448979591836,0.0,6220.0,0.0,0.9996173469387755,0.0
311,0.019104619,0.010401393,0.074132614,0.0621861,0.0,3120.0,0.6210401,0.4462762,0.6982572,-0.37349707,0.0,0.9997448979591836,0.0,6240.0,0.0,0.9997448979591836,0.0
312,0.01910515,0.010401205,0.074127614,0.062444203,0.0,3130.0,0.45672843,0.34701806,0.43777215,-0.23962003,0.0,0.9997448979591836,0.0,6260.0,0.0,0.9997448979591836,0.0
313,0.019105231,0.010401523,0.074116625,0.062434807,0.0,3140.0,0.17625172,0.47124302,0.58691514,0.667975,0.0,0.9994897959183673,0.0,6280.0,0.0,0.9993622448979592,0.0
314,0.01910503,0.010401658,0.07411122,0.062471777,0.0,3150.0,0.11047625,0.48827702,0.5514059,0.16354671,0.0,1.0,0.0,6300.0,0.0,0.9993622448979593,0.0
315,0.0191052,0.01040172,0.07416768,0.06680348,0.0,3160.0,0.43987238,0.43393818,0.6023606,1.1321024,0.0,0.9997448979591836,0.0,6320.0,0.0,0.9998724489795918,0.0
316,0.01910503,0.010401643,0.07437478,0.08590426,0.0,3170.0,0.17131622,0.3619859,0.4365573,0.6048409,0.0,1.0,0.0,6340.0,0.0,0.9998724489795918,0.0
317,0.01910494,0.010401841,0.07439488,0.086179495,0.0,3180.0,0.09702556,0.47483405,0.5554497,0.379184,0.0,0.9997448979591836,0.0,6360.0,0.0,0.9998724489795918,0.0
318,0.019104403,0.010402015,0.07442147,0.08681738,0.0,3190.0,0.28461984,0.41983122,0.47687504,1.0282602,0.0,0.9997448979591836,0.0,6380.0,0.0,1.0,0.0
319,0.019103913,0.010402191,0.07446135,0.08750641,0.0,3200.0,0.14482482,0.42189008,0.45542288,0.50289977,0.0,1.0,0.0,6400.0,0.0,0.9998724489795918,0.0
320,0.019104026,0.010402064,0.07453472,0.089402206,0.0,3210.0,0.26444912,0.43694705,0.48095012,-0.8406118,0.0,1.0,0.0,6420.0,0.0,0.9998724489795918,0.0
321,0.019104192,0.010401864,0.074585676,0.09073672,0.0,3220.0,0.26005995,0.4131274,0.44909728,-0.12289382,0.0,1.0,0.0,6440.0,0.0,0.9998724489795918,0.0
322,0.019103896,0.010401742,0.07461087,0.091020145,0.0,3230.0,0.24366927,0.4738554,0.52550197,0.1841864,0.0,1.0,0.0,6460.0,0.0,0.9998724489795918,0.0
323,0.019103995,0.010401676,0.07466106,0.09214112,0.0,3240.0,0.3153473,0.44427866,0.49353096,0.25686485,0.0,1.0,0.0,6480.0,0.012500000186264515,1.0,0.012500000186264515
324,0.019103996,0.010401918,0.07469525,0.0930802,0.0,3250.0,0.3147963657975197,0.46635878,0.508133,0.061347947,0.0,1.0,0.0,6500.0,0.0,1.0,0.0
325,0.019102436,0.010402181,0.074705705,0.09342593,0.0,3260.0,0.19295713,0.4015494,0.42589632,-0.21864831,0.0,1.0,0.0,6520.0,0.0,0.9998724489795918,0.0
