# {"t_start": 1646706527.2881627, "env_id": "CheolFingersManipulate-v1"} 
r,l,t
-117.448769,50,44.605966
-181.703641,50,45.108816
-154.128984,50,45.694777
-173.625355,50,46.256258
-102.338893,50,46.833017
-106.045867,50,47.330403
-107.574074,50,47.835801
-141.306164,50,48.352207
-108.622835,50,48.857677
-211.986832,50,49.383546
-53.746956,50,92.898704
-43.048393,50,93.382156
-86.575386,50,93.887801
-184.41326,50,94.388291
-52.24947,50,94.84752
-50.63547,50,95.319802
-53.481836,50,95.834359
-172.761107,50,96.362276
-19.213992,50,96.920588
-56.580601,50,97.604376
-142.847278,50,140.799277
-181.58051,50,141.307697
-202.174568,50,141.826262
-228.736983,50,142.355891
-51.175222,50,142.825243
-187.878193,50,143.320671
-113.553246,50,143.830168
-155.154117,50,144.371946
-86.194325,50,144.935251
-197.313608,50,145.427609
-95.556864,50,188.210916
-186.299072,50,188.710504
-224.695906,50,189.214095
-145.422201,50,189.734651
-196.877648,50,190.227975
-62.745449,50,190.742473
-199.183379,50,191.243985
-58.403194,50,191.72121
-153.17776,50,192.220721
-131.354412,50,192.748892
-211.055676,50,235.035403
-51.109897,50,235.49866
-157.838414,50,235.989066
-56.18189,50,236.460864
-164.322033,50,236.961307
-56.499225,50,237.434727
-168.550573,50,237.941334
-1.254436,50,238.403643
-50.095562,50,238.854807
-50.340678,50,239.304097
-50.142667,50,281.603983
-197.43809,50,282.105461
-192.159226,50,282.659245
-53.751125,50,283.116493
-250.826078,50,283.616925
-107.380225,50,284.233197
-57.80756,50,284.702507
-50.138997,50,285.149643
-60.875746,50,285.771722
-316.43894,50,286.268942
-0.262607,50,327.807493
-201.87343,50,328.301103
-50.160216,50,328.810787
-222.951574,50,329.304374
-0.207346,50,329.752644
-55.849508,50,330.208035
-50.454695,50,330.654334
-52.470175,50,331.105538
-52.838396,50,331.566831
-50.567573,50,332.019134
-0.917162,50,373.719004
-50.208554,50,374.181698
-52.229245,50,374.640295
-50.156493,50,375.108653
-50.242163,50,375.555023
-191.578061,50,376.053463
-210.462932,50,376.56006
-57.83981,50,377.084711
-50.17241,50,377.528951
-50.077166,50,377.981331
-55.260138,50,419.604581
-50.124749,50,420.058773
-50.0764,50,420.515131
-50.100386,50,420.969314
-50.088623,50,421.421528
-50.13441,50,421.87883
-180.877065,50,422.387958
-58.504576,50,422.869442
-54.165353,50,423.332327
-50.103207,50,423.784589
-50.172079,50,465.212734
-50.091517,50,465.661973
-50.126572,50,466.130396
-50.131454,50,466.590649
-50.107199,50,467.041897
-50.10515,50,467.492141
-50.098819,50,467.948417
-50.117989,50,468.397734
-50.101734,50,468.846998
-50.115321,50,469.296226
-51.59451,50,510.901372
-50.11363,50,511.350505
-61.28131,50,511.906193
-50.855194,50,512.378472
-50.080589,50,512.839116
-56.344627,50,513.344552
-55.210744,50,513.834145
-50.50563,50,514.311445
-50.60961,50,514.772715
-55.592182,50,515.301303
-50.11927,50,557.324386
-50.094281,50,557.778585
-50.056646,50,558.226863
-50.078387,50,558.687297
-50.089993,50,559.135534
-50.097994,50,559.592865
-50.065506,50,560.06251
-50.107371,50,560.51773
-50.054426,50,560.969059
-50.130182,50,561.42038
-50.332204,50,604.946131
-183.084731,50,605.710081
-50.125787,50,606.503954
-50.142287,50,607.047496
-50.100091,50,607.528207
-50.151861,50,607.982989
-54.132808,50,608.482648
-50.108186,50,608.930448
-50.128561,50,609.378248
-50.086279,50,609.798122
-60.530914,50,651.927249
-50.064897,50,652.404833
-50.114587,50,652.915466
-50.793756,50,653.400041
-50.162981,50,653.850398
-50.114888,50,654.306815
-50.127388,50,654.766262
-50.714226,50,655.239729
-50.106343,50,655.692087
-50.136756,50,656.157995
-66.83134,50,698.736044
-52.073111,50,699.206356
-50.093365,50,699.656568
-50.170759,50,700.146489
-50.524659,50,700.666007
-50.11165,50,701.130388
-50.076228,50,701.583643
-50.389784,50,702.084268
-50.103081,50,702.600901
-50.159529,50,703.045995
-50.620905,50,746.059188
-50.234846,50,746.502362
-50.093112,50,746.955743
-50.157581,50,747.407149
-53.432207,50,747.895685
-50.138844,50,748.348997
-0.094238,50,748.804315
-50.113162,50,749.260695
-52.786259,50,749.787423
-50.11324,50,750.245735
-55.244731,50,793.459213
-61.449751,50,793.988967
-51.915138,50,794.491498
-50.092469,50,794.937782
-50.128054,50,795.384516
-50.163646,50,795.83674
-75.890333,50,796.404459
-53.413497,50,796.889926
-110.572258,50,797.410522
-52.497757,50,797.895822
-50.167692,50,840.801199
-0.093578,50,841.238279
-50.430389,50,841.727811
-50.121468,50,842.171084
-50.134509,50,842.629451
-50.122186,50,843.080717
-50.177914,50,843.533988
-53.235234,50,844.030556
-54.259857,50,844.464921
-0.274994,50,844.913238
-66.065598,50,888.59432
-53.012225,50,889.090752
-67.388962,50,889.602295
-45.380866,50,890.090785
-78.233434,50,890.606488
-76.592593,50,891.123103
-95.132115,50,891.621608
-55.320481,50,892.08501
-53.381513,50,892.580551
-46.806484,50,893.075999
-107.172735,50,936.690459
-88.168652,50,937.332112
-87.049323,50,937.952642
-50.206208,50,938.44963
-49.976847,50,938.949109
-105.025494,50,939.458611
-50.086168,50,939.910944
-27.632169,50,940.453747
-74.839156,50,941.046231
-55.623624,50,941.547381
-118.361103,50,984.702338
-95.243647,50,985.200751
-60.600447,50,985.745471
-73.615797,50,986.317349
-50.139737,50,986.775526
-99.974613,50,987.27298
-45.891494,50,987.77548
-57.605547,50,988.282992
-0.13384,50,988.729247
-0.137705,50,989.170366
-44.091715,50,1033.164373
-50.091585,50,1033.61579
-50.082551,50,1034.071049
-93.570751,50,1034.574489
-127.650667,50,1035.092109
-50.05993,50,1035.543357
-50.082723,50,1035.999608
-60.273211,50,1036.51923
-50.171241,50,1036.978578
-50.121591,50,1037.480063
-192.878369,50,1080.298301
-50.12064,50,1080.755591
-130.255535,50,1081.257054
-234.011707,50,1081.75047
-50.10561,50,1082.216798
-52.173337,50,1082.680042
-50.0985,50,1083.145444
-50.081164,50,1083.608689
-169.454742,50,1084.105138
-50.109929,50,1084.555385
-50.126879,50,1127.644202
-50.076282,50,1128.090419
-109.665238,50,1128.587969
-79.374864,50,1129.095501
-69.915436,50,1129.609017
-50.050651,50,1130.059254
-50.132471,50,1130.510484
-50.159944,50,1130.997663
-50.05395,50,1131.450973
-1.311661,50,1131.897264
-108.818716,50,1175.19583
-50.077429,50,1175.637025
-50.119758,50,1176.095311
-50.059392,50,1176.586067
-50.084385,50,1177.062778
-51.261126,50,1177.709232
-103.124893,50,1178.254379
-50.067077,50,1178.735997
-50.076301,50,1179.188268
-50.114489,50,1179.63339
-50.242223,50,1223.161208
-50.117422,50,1223.598317
-50.145626,50,1224.044588
-50.15003,50,1224.54609
-63.487498,50,1225.0857
-50.098622,50,1225.540997
-50.136369,50,1226.001311
-50.08038,50,1226.452572
-0.053321,50,1226.898809
-50.076357,50,1227.347138
-50.153232,50,1270.733968
-67.375141,50,1271.288112
-55.742356,50,1271.799543
-50.094169,50,1272.259757
-50.066855,50,1272.716016
-50.112123,50,1273.229582
-50.116921,50,1273.686871
-84.989832,50,1274.24866
-94.57929,50,1274.767247
-50.62422,50,1275.311855
-97.877832,50,1318.808066
-50.351764,50,1319.388876
-54.310957,50,1319.976775
-50.413873,50,1320.445141
-50.09303,50,1320.895323
-50.1804,50,1321.343498
-50.128056,50,1321.876045
-204.194827,50,1322.378625
-50.467692,50,1322.839937
-93.564932,50,1323.335332
-50.124921,50,1366.430334
-0.09845,50,1366.889779
-60.255865,50,1367.382235
-50.065816,50,1367.827584
-62.541333,50,1368.452613
-50.391833,50,1369.008885
-50.070205,50,1369.457209
-268.483826,50,1369.958651
-50.175649,50,1370.449183
-50.115943,50,1371.02299
-50.151261,50,1414.488254
-99.871234,50,1414.995753
-90.59941,50,1415.500342
-50.78192,50,1416.034945
-50.135357,50,1416.545867
-50.135367,50,1417.104213
-50.149949,50,1417.724578
-50.974021,50,1418.216435
-50.089932,50,1418.697108
-50.171111,50,1419.171375
-50.082475,50,1462.692518
-50.104234,50,1463.133771
-50.076804,50,1463.58109
-56.872048,50,1464.182127
-50.132376,50,1464.673636
-50.16896,50,1465.11978
-50.06752,50,1465.570955
-56.354123,50,1466.077483
-0.068213,50,1466.522681
-65.563751,50,1467.042227
-0.090328,50,1510.151766
-50.185653,50,1510.613106
-50.091217,50,1511.075425
-50.066262,50,1511.531437
-50.092149,50,1512.000285
-101.169238,50,1512.512354
-50.086761,50,1512.992362
-50.15063,50,1513.454239
-50.082154,50,1513.960343
-54.882285,50,1514.469346
-50.076157,50,1559.28697
-119.494631,50,1559.780381
-75.082882,50,1560.275342
-50.093553,50,1560.739611
-50.098248,50,1561.199872
-50.059132,50,1561.650054
-32.273254,50,1562.145509
-50.070918,50,1562.59479
-71.252949,50,1563.080118
-50.046876,50,1563.532381
-50.197736,50,1606.432146
-50.069679,50,1606.898477
-52.058449,50,1607.391167
-50.082933,50,1607.840418
-50.086378,50,1608.305774
-50.093741,50,1608.756058
-50.086499,50,1609.224478
-50.075722,50,1609.699813
-138.240906,50,1610.210352
-0.067165,50,1610.661239
-50.587358,50,1653.290682
-50.082926,50,1653.739006
-0.375517,50,1654.195713
-50.082379,50,1654.649304
-50.131086,50,1655.095615
-60.51318,50,1655.665432
-50.116066,50,1656.114769
-50.126119,50,1656.621647
-50.598471,50,1657.123522
-50.080409,50,1657.742202
-36.326301,50,1700.514258
-52.140938,50,1701.029729
-58.010794,50,1701.548328
-51.224425,50,1702.076282
-0.227307,50,1702.536213
-50.130273,50,1703.043828
-51.114895,50,1703.639729
-50.147257,50,1704.128286
-50.106535,50,1704.609715
-50.074777,50,1705.071019
-50.148141,50,1747.816525
-51.432904,50,1748.284844
-50.065422,50,1748.801611
-50.086489,50,1749.253865
-50.505082,50,1749.709583
-51.771229,50,1750.303002
-50.113913,50,1750.803626
-76.316572,50,1751.338258
-50.120193,50,1751.781534
-50.113107,50,1752.233723
-50.091118,50,1795.039342
-50.0563,50,1795.534861
-50.058368,50,1796.019366
-51.850321,50,1796.510898
-50.093141,50,1797.006247
-44.501132,50,1797.543876
-50.049903,50,1798.007324
-50.921073,50,1798.482252
-54.274936,50,1798.969586
-50.110923,50,1799.431922
-50.084209,50,1842.083284
-50.148746,50,1842.535449
-50.662821,50,1843.041016
-50.058628,50,1843.492238
-29.773,50,1843.988616
-50.073901,50,1844.430889
-50.126428,50,1844.900199
-50.086662,50,1845.385582
-50.077001,50,1845.877121
-50.186607,50,1846.33385
-50.121563,50,1889.280411
-50.077668,50,1889.737594
-50.080493,50,1890.184828
-50.096869,50,1890.668907
-50.053153,50,1891.121132
-50.214995,50,1891.569362
-50.0913,50,1892.035748
-50.102414,50,1892.485014
-50.124031,50,1892.994864
-51.301094,50,1893.514444
-50.09062,50,1935.866949
-50.229174,50,1936.329387
-50.091559,50,1936.808786
-50.102197,50,1937.260015
-97.464898,50,1937.72332
-56.759255,50,1938.209794
-50.098405,50,1938.671046
-50.064967,50,1939.128408
-50.074174,50,1939.579607
-50.298658,50,1940.090194
-50.076627,50,1982.429943
-50.093613,50,1982.901273
-50.092136,50,1983.375696
-50.078176,50,1983.844099
-50.086723,50,1984.359721
-50.071178,50,1984.818066
-50.135461,50,1985.303529
-50.073889,50,1985.76988
-50.103535,50,1986.253212
-50.126843,50,1986.715465
-50.07209,50,2029.588471
-62.813578,50,2030.127016
-50.104824,50,2030.572248
-52.209139,50,2031.065717
-9.714224,50,2031.511907
-50.18376,50,2031.959135
-50.120235,50,2032.44857
-50.085882,50,2032.903754
-50.091154,50,2033.387251
-50.06845,50,2033.877768
-50.136217,50,2076.791303
-50.10085,50,2077.288202
-50.082738,50,2077.916731
-50.081379,50,2078.416639
-60.158287,50,2078.984817
-57.187465,50,2079.615982
-55.851651,50,2080.129633
-71.857915,50,2080.691512
-61.430472,50,2081.216114
-50.094223,50,2081.692939
-51.257334,50,2124.464266
-50.065599,50,2124.925576
-50.095618,50,2125.376796
-108.792659,50,2125.885486
-50.9532,50,2126.359894
-53.349276,50,2126.86842
-195.41711,50,2127.3629
-50.082583,50,2127.813207
-54.61911,50,2128.323898
-50.088529,50,2128.781231
-50.446692,50,2171.796129
-50.111801,50,2172.240348
-52.129462,50,2172.825343
-65.158972,50,2173.499753
-50.106564,50,2173.956001
-50.092683,50,2174.40826
-39.892913,50,2174.906847
-50.665773,50,2175.431472
-22.217391,50,2175.938194
-50.116127,50,2176.40727
-56.468804,50,2219.345411
-50.134881,50,2219.836838
-52.064714,50,2220.315667
-50.175868,50,2220.796063
-50.156244,50,2221.284569
-50.535624,50,2221.737841
-21.692658,50,2222.23247
-70.735366,50,2222.789236
-58.192476,50,2223.349013
-50.10219,50,2223.797252
-26.203689,50,2266.869128
-52.545837,50,2267.369546
-59.535156,50,2267.858954
-56.493536,50,2268.482098
-56.412232,50,2268.986693
-61.226234,50,2269.614784
-51.364506,50,2270.143367
-57.979478,50,2270.652889
-24.241268,50,2271.142372
-58.219689,50,2271.681571
-50.07651,50,2314.686024
-76.657778,50,2315.199493
-108.523523,50,2315.767406
-50.158073,50,2316.22262
-68.745424,50,2316.845052
-50.098243,50,2317.319832
-55.690025,50,2318.007634
-308.463254,50,2318.540686
-59.77318,50,2319.098711
-71.232324,50,2319.686294
-59.437614,50,2362.869478
-50.207546,50,2363.31156
-70.528835,50,2363.831211
-50.111214,50,2364.271355
-25.695131,50,2364.786928
-50.106362,50,2365.237118
-50.065624,50,2365.689444
-105.699845,50,2366.295454
-50.134671,50,2366.741652
-0.212381,50,2367.217047
-50.09106,50,2411.023716
-57.913751,50,2411.583416
-38.864115,50,2412.089517
-59.922518,50,2412.608045
-53.873734,50,2413.111587
-50.853231,50,2413.562879
-50.156076,50,2414.012157
-19.734288,50,2414.508714
-27.970303,50,2414.985077
-21.742568,50,2415.472397
-20.638212,50,2459.514146
-51.240484,50,2459.996852
-53.778122,50,2460.485542
-19.441956,50,2460.974233
-51.598978,50,2461.439639
-20.719791,50,2461.933923
-51.126071,50,2462.430376
-51.325126,50,2462.911769
-53.095446,50,2463.416197
-59.62201,50,2463.961898
-62.009067,50,2506.906563
-50.10495,50,2507.356778
-51.311289,50,2507.832011
-33.676403,50,2508.329687
-50.385995,50,2508.811145
-50.062935,50,2509.259307
-50.070501,50,2509.718724
-50.079847,50,2510.163805
-50.135792,50,2510.606949
-50.078432,50,2511.0591
-59.874559,50,2554.547154
-22.486314,50,2555.129434
-50.072302,50,2555.653356
-30.177191,50,2556.183259
-57.234753,50,2556.759663
-20.34526,50,2557.301895
-50.380092,50,2557.912662
-60.766931,50,2558.50729
-25.76266,50,2559.04914
-50.078611,50,2559.515387
-50.245114,50,2602.21794
-50.141788,50,2602.658101
-51.448175,50,2603.140551
-53.607744,50,2603.671372
-50.088656,50,2604.137688
-51.658709,50,2604.604736
-51.18375,50,2605.083017
-29.695255,50,2605.575502
-17.826887,50,2606.058872
-50.112864,50,2606.603587
-25.294787,50,2649.554006
-50.148641,50,2650.020283
-50.141202,50,2650.494741
-50.095365,50,2650.940844
-50.895536,50,2651.420309
-50.100756,50,2651.875956
-50.077898,50,2652.324223
-50.178234,50,2652.819847
-50.098403,50,2653.273292
-51.559981,50,2653.732652
-50.110691,50,2696.860061
-50.072608,50,2697.312312
-50.150067,50,2697.782786
-52.890775,50,2698.254185
-54.575299,50,2698.761716
-50.276312,50,2699.2367
-50.132061,50,2699.705048
-51.459577,50,2700.18452
-50.093038,50,2700.632814
-50.81399,50,2701.160396
-50.131948,50,2744.485591
-50.518257,50,2744.940781
-65.050568,50,2745.506631
-50.103071,50,2745.969877
-50.182407,50,2746.42022
-51.423797,50,2746.916219
-51.572303,50,2747.383547
-50.383719,50,2747.828841
-50.168853,50,2748.290174
-50.112675,50,2748.741407
-50.079221,50,2792.088604
-50.115699,50,2792.526742
-50.119554,50,2792.970896
-51.018036,50,2793.413096
-67.549045,50,2793.961687
-54.617075,50,2794.428011
-50.077957,50,2794.937531
-50.15904,50,2795.425079
-50.29277,50,2795.889371
-46.940315,50,2796.522707
-50.204131,50,2839.503181
-22.423753,50,2839.999587
-50.091595,50,2840.445764
-50.111305,50,2840.893965
-50.106548,50,2841.391348
-0.110125,50,2841.842695
-50.193221,50,2842.322297
-50.171689,50,2842.774312
-50.160499,50,2843.224482
-50.150431,50,2843.686942
-64.740141,50,2887.344624
-50.111724,50,2887.806886
-50.132302,50,2888.339517
-57.681764,50,2888.970699
-56.644216,50,2889.398765
-50.167281,50,2889.848026
-50.160178,50,2890.299144
-51.198034,50,2890.762525
-51.085312,50,2891.188582
-50.144746,50,2891.657878
-50.055614,50,2934.587794
-50.064986,50,2935.039037
-50.127094,50,2935.483316
-50.096217,50,2935.92559
-50.144138,50,2936.427113
-50.082356,50,2936.882438
-50.164151,50,2937.332604
-59.96528,50,2937.856209
-50.103192,50,2938.304427
-50.211738,50,2938.754653
-50.191552,50,2981.667475
-50.165244,50,2982.116895
-50.102673,50,2982.572554
-50.20236,50,2983.024852
-50.200539,50,2983.484159
-50.130198,50,2983.959537
-50.10961,50,2984.416924
-50.142977,50,2984.871674
-50.124138,50,2985.323849
-50.108403,50,2985.791281
-50.169916,50,3028.834411
-51.378863,50,3029.368062
-50.089819,50,3029.819414
-50.150916,50,3030.290813
-50.113904,50,3030.749252
-50.160533,50,3031.198559
-50.085656,50,3031.646768
-50.108647,50,3032.207548
-50.072317,50,3032.698932
-50.097882,50,3033.255778
-50.085764,50,3075.65591
-50.079671,50,3076.096838
-50.081357,50,3076.546072
-50.113954,50,3076.992434
-50.123119,50,3077.442644
-0.09355,50,3077.898091
-22.742384,50,3078.383969
-50.089054,50,3078.838415
-50.085717,50,3079.292739
-50.696181,50,3079.773159
-50.145755,50,3121.954014
-50.125788,50,3122.400326
-50.103835,50,3122.846566
-50.664778,50,3123.408351
-50.13074,50,3123.859674
-50.197409,50,3124.306925
-50.346305,50,3124.770195
-50.114422,50,3125.279828
-50.095085,50,3125.751205
-51.230961,50,3126.234055
-50.090674,50,3168.220132
-50.134145,50,3168.668355
-50.108958,50,3169.117614
-50.115177,50,3169.566391
-50.131793,50,3170.022789
-50.079181,50,3170.480124
-50.091549,50,3170.939441
-50.900385,50,3171.437781
-50.135076,50,3171.889138
-50.104595,50,3172.350553
-50.18341,50,3214.789749
-50.133781,50,3215.233928
-55.055975,50,3215.76655
-50.118181,50,3216.21803
-50.110574,50,3216.775358
-50.600532,50,3217.367655
-50.167063,50,3217.874588
-50.151093,50,3218.484178
-50.108441,50,3218.937473
-50.316719,50,3219.383544
-50.151027,50,3261.542964
-50.129878,50,3261.997305
-50.156921,50,3262.443595
-50.141137,50,3262.930052
-50.48495,50,3263.402496
-50.143005,50,3263.857292
-50.152702,50,3264.317699
-50.098052,50,3264.776222
-50.100044,50,3265.224542
-50.129277,50,3265.676807
-50.150962,50,3309.257146
-50.928572,50,3309.711557
-50.198566,50,3310.184544
-36.255188,50,3310.705211
-50.141036,50,3311.280216
-53.285596,50,3311.793824
-50.189584,50,3312.253128
-50.181405,50,3312.716002
-50.172611,50,3313.200672
-53.496403,50,3313.718294
2.705836,50,1682.123427
-52.339995,50,1684.144861
-50.184853,50,1686.180907
-50.127337,50,1688.311551
-50.227339,50,1690.391745
-0.127041,50,1692.479569
-0.238976,50,1694.53737
-50.171127,50,1696.649991
-41.954195,50,1698.77052
-50.085678,50,1706.186259
-50.100853,50,1708.313978
-50.10062,50,1710.377004
-50.162972,50,1712.481866
-50.079818,50,1714.608923
-50.180326,50,1716.756314
-57.600692,50,1719.014898
-50.089916,50,1721.048193
-50.088959,50,1723.13203
-50.101792,50,1725.21725
-50.114939,50,1727.306504
-50.120183,50,1729.383527
-0.166675,50,1731.455316
-50.108586,50,1733.520527
-50.13335,50,1735.616259
-51.342889,50,1737.747878
-52.336716,50,1739.783189
-50.181988,50,1741.887211
-0.138407,50,1743.970892
-52.116,50,1746.100928
-50.18544,50,1753.414619
-50.102621,50,1755.569256
-50.578169,50,1757.696792
-50.101623,50,1759.776766
-50.158598,50,1761.859634
-51.939962,50,1764.039981
-50.077876,50,1766.098272
-50.105529,50,1768.211796
-50.092995,50,1770.351739
-50.092114,50,1772.413095
-52.137518,50,1774.501654
-50.142165,50,1776.540005
-50.157633,50,1778.737436
-50.117558,50,1780.876285
-50.1216,50,1782.906567
-52.5688,50,1785.042061
-50.07963,50,1787.092554
-0.166849,50,1789.145275
-50.118618,50,1791.231924
-19.810615,50,1793.344974
-50.167385,50,1800.623705
-58.283555,50,1802.66966
-50.112414,50,1804.732022
-50.105408,50,1806.80314
-50.134896,50,1808.888631
-50.119018,50,1810.925601
-50.218473,50,1813.053613
-50.17281,50,1815.110061
-50.087863,50,1817.216163
-50.394201,50,1819.354583
-50.306316,50,1821.375377
-50.125854,50,1823.431082
-50.123881,50,1825.520967
-50.187759,50,1827.725561
-50.086254,50,1829.723068
-83.213644,50,1831.977357
-50.321099,50,1833.997074
-50.189913,50,1836.069301
-50.087787,50,1838.33838
-50.194391,50,1840.35988
-50.132901,50,1847.89146
-50.300722,50,1849.963514
-50.110384,50,1851.991977
-50.092815,50,1854.070732
-50.137001,50,1856.116062
-0.171957,50,1858.217783
-50.244989,50,1860.337341
-50.111928,50,1862.453353
-50.27535,50,1864.533425
-51.18989,50,1866.685516
-50.08296,50,1868.711027
-50.098909,50,1870.799868
-50.08093,50,1872.897661
-50.116383,50,1875.002282
-50.120192,50,1877.13659
-50.126309,50,1879.180736
-0.276298,50,1881.28477
-0.136546,50,1883.326825
-56.632568,50,1885.451604
-50.107549,50,1887.482721
-54.177947,50,1894.741042
-50.101646,50,1896.87882
-50.120987,50,1899.046885
-52.83236,50,1901.115966
-50.129085,50,1903.116509
-51.624743,50,1905.173022
-50.102485,50,1907.225005
-50.173298,50,1909.274424
-50.431871,50,1911.327994
-50.469981,50,1913.381647
-50.106356,50,1915.491692
-50.090096,50,1917.520562
-0.404926,50,1919.591224
-50.227377,50,1921.637766
-0.162783,50,1923.782371
-50.169645,50,1925.867013
-50.236718,50,1927.980199
-50.111046,50,1930.024756
-50.166435,50,1932.046266
-50.248863,50,1934.14361
-50.191514,50,1941.301052
-50.10278,50,1943.371312
-50.25904,50,1945.377121
-50.105409,50,1947.441793
-50.102104,50,1949.484959
-50.184815,50,1951.574494
-52.518333,50,1953.673852
-50.124086,50,1955.758928
-55.808945,50,1957.860606
-50.231163,50,1959.902825
-17.831824,50,1962.001548
-29.46912,50,1964.141836
-50.17718,50,1966.15676
-50.081075,50,1968.244106
-50.148344,50,1970.298796
-50.255738,50,1972.390906
-50.098373,50,1974.478344
-50.197373,50,1976.595406
-50.103211,50,1978.710732
-50.14006,50,1980.712895
-50.124494,50,1987.787766
-52.152528,50,1989.892533
-50.110427,50,1991.921836
-50.254501,50,1994.025427
-50.085722,50,1996.12325
-50.195126,50,1998.149391
-50.102502,50,2000.189541
-50.191466,50,2002.276937
-50.354186,50,2004.429657
-50.131123,50,2006.573496
-50.18625,50,2008.725777
-50.228741,50,2010.774872
-50.076836,50,2012.838893
-62.592242,50,2015.038963
-50.627101,50,2017.09619
-53.716662,50,2019.27984
-57.826376,50,2021.462665
-50.136092,50,2023.559725
-50.207072,50,2025.779902
-50.156967,50,2027.851053
-50.101049,50,2035.174801
-50.203293,50,2037.318996
-50.07905,50,2039.449538
-50.155213,50,2041.533956
-50.497799,50,2043.609623
-50.131627,50,2045.671942
-50.168832,50,2047.762153
-50.087375,50,2049.853372
-50.194117,50,2051.968252
-50.896164,50,2054.080954
-50.180121,50,2056.188948
-50.185249,50,2058.302039
-50.123813,50,2060.414125
-50.266029,50,2062.50361
-53.07899,50,2064.659473
-51.388727,50,2066.690288
-50.963878,50,2068.78633
-50.324853,50,2070.852561
-27.362575,50,2073.039405
-50.09245,50,2075.050564
-55.406739,50,2082.661753
-54.504517,50,2084.808114
-50.256166,50,2086.848104
-50.133146,50,2088.95363
-50.071066,50,2091.019828
-62.727923,50,2093.237888
-62.338677,50,2095.356604
-50.146931,50,2097.495093
-66.221756,50,2099.666266
-50.231286,50,2101.730503
-50.500714,50,2103.887115
-50.190399,50,2106.019717
-56.287073,50,2108.146715
-50.10395,50,2110.19333
-0.128065,50,2112.264567
-42.89066,50,2114.408675
-55.040698,50,2116.465401
-50.775953,50,2118.586362
-32.599399,50,2120.678315
-50.176197,50,2122.748482
-61.948423,50,2130.000249
-0.521053,50,2132.024231
-52.442125,50,2134.247839
-52.283821,50,2136.40282
-56.944895,50,2138.588808
-50.157992,50,2140.630317
-50.180912,50,2142.811229
-82.240237,50,2144.975349
-51.331197,50,2147.021525
-50.237106,50,2149.033414
-50.145333,50,2151.159266
-49.164503,50,2153.306036
-60.806235,50,2155.447527
-50.136745,50,2157.469651
-57.39062,50,2159.693089
-86.529014,50,2161.772892
-50.092377,50,2163.810315
-51.294175,50,2165.924255
-50.102123,50,2168.015658
-50.342453,50,2170.090914
-50.23401,50,2177.473598
-50.139698,50,2179.545095
-50.098942,50,2181.649644
-50.653104,50,2183.75445
-50.135018,50,2185.873688
-61.580675,50,2187.934275
-50.099608,50,2190.051821
-50.106889,50,2192.158863
-59.629901,50,2194.393771
-50.14005,50,2196.467293
-50.094821,50,2198.657942
-47.462784,50,2200.790864
-50.151813,50,2202.82356
-50.098321,50,2204.912206
-50.329951,50,2206.970294
-50.100122,50,2209.047955
-50.11081,50,2211.188418
-50.144776,50,2213.301488
-25.364861,50,2215.447031
-50.244889,50,2217.456024
-51.133807,50,2225.004901
-50.137136,50,2227.080272
-50.190981,50,2229.173565
-51.198683,50,2231.327981
-50.248082,50,2233.458911
-56.204878,50,2235.552392
-51.540972,50,2237.747857
-63.546125,50,2239.840467
-50.14474,50,2241.85884
-53.05458,50,2244.012379
-50.225609,50,2246.065157
-50.121,50,2248.169716
-50.138319,50,2250.330441
-50.158222,50,2252.532986
-50.179078,50,2254.584673
-50.079953,50,2256.665716
-50.472303,50,2258.866014
-35.774291,50,2260.947229
-42.419431,50,2263.076556
-50.68102,50,2265.126022
-29.230481,50,2272.64151
-50.140184,50,2274.706481
-66.704188,50,2276.971927
-50.150718,50,2279.031718
-60.354244,50,2281.222509
-50.112797,50,2283.215665
-48.991356,50,2285.441411
-50.129086,50,2287.482616
-50.145226,50,2289.630257
-0.122159,50,2291.733773
-62.247054,50,2293.936725
-61.204333,50,2296.058688
-50.205764,50,2298.119843
-60.136277,50,2300.27313
-52.214263,50,2302.296875
-51.949712,50,2304.446452
-0.089881,50,2306.532937
-50.72198,50,2308.671244
-23.275224,50,2310.830198
-71.600512,50,2313.002848
-53.490138,50,2320.670151
-57.683647,50,2322.805484
-59.362432,50,2324.940449
-41.110002,50,2327.004264
-66.474955,50,2329.21735
-50.288808,50,2331.296022
-50.221461,50,2333.46149
-54.180241,50,2335.633751
-66.423402,50,2337.869897
-56.674645,50,2339.943781
-52.801501,50,2342.037445
-61.661357,50,2344.220891
-50.162651,50,2346.221182
-33.430493,50,2348.38964
-50.178914,50,2350.461656
-50.431024,50,2352.602446
-64.842754,50,2354.720943
-50.131199,50,2356.834469
-60.376354,50,2358.949803
-50.131196,50,2361.043519
-50.071651,50,2368.749781
-50.103447,50,2370.926188
-51.215654,50,2373.135563
-59.401793,50,2375.32844
-53.200206,50,2377.494478
-50.401641,50,2379.523251
-27.71214,50,2381.645335
-56.301013,50,2383.789329
-26.568676,50,2385.896053
-60.739475,50,2388.033824
-20.64753,50,2390.144588
-50.142896,50,2392.286736
-50.537795,50,2394.408598
-51.921717,50,2396.565924
-50.107976,50,2398.623962
-51.47407,50,2400.715557
-52.494229,50,2402.809294
-50.272285,50,2405.002176
-50.754504,50,2407.160053
-54.576377,50,2409.388078
-57.638187,50,2416.915753
-54.63287,50,2419.064834
-0.176449,50,2421.072876
-55.37971,50,2423.202785
-50.362798,50,2425.230678
-50.251533,50,2427.338337
-50.158044,50,2429.425102
-50.515777,50,2431.514988
-36.386321,50,2433.772789
-50.187618,50,2435.974671
-50.09104,50,2438.413857
-50.098375,50,2440.775525
-34.161851,50,2442.952689
-50.464352,50,2444.996211
-50.406833,50,2447.277096
-58.506576,50,2449.416361
-50.128574,50,2451.444924
-0.146935,50,2453.544296
-0.093166,50,2455.652645
-65.318009,50,2457.820832
-50.21451,50,2465.361421
-50.100938,50,2467.414176
-50.078037,50,2469.499265
-50.127591,50,2471.676225
-50.098475,50,2473.760222
-60.56093,50,2475.960108
-48.413697,50,2478.009255
-47.22162,50,2480.099673
-50.62823,50,2482.166178
-50.160698,50,2484.258985
-0.276711,50,2486.321162
-50.113479,50,2488.435574
-30.279343,50,2490.536639
-50.0857,50,2492.53433
-50.292038,50,2494.672684
-50.111895,50,2496.738405
-50.296926,50,2498.885099
-23.194989,50,2500.98258
-51.784049,50,2503.081236
-50.052962,50,2505.125235
-47.082465,50,2512.564703
-31.730916,50,2514.620076
-30.993409,50,2516.739796
-51.633856,50,2518.861064
-50.102722,50,2521.045594
-51.073224,50,2523.218335
-50.157696,50,2525.218481
-50.795938,50,2527.431848
-50.102566,50,2529.510121
-50.243374,50,2531.628075
-0.105604,50,2533.794918
-54.566984,50,2535.935304
-50.149111,50,2537.922556
-50.106308,50,2540.034297
-25.216445,50,2542.195559
-50.093724,50,2544.212554
-50.144809,50,2546.348631
-57.442639,50,2548.486534
-50.195506,50,2550.507854
-23.874774,50,2552.819544
-51.867645,50,2560.689926
-50.166391,50,2562.767529
-48.845149,50,2564.879017
-52.199345,50,2567.015069
-55.458504,50,2569.141924
-51.521172,50,2571.199106
-19.70465,50,2573.27977
-50.095599,50,2575.392188
-50.104434,50,2577.487769
-50.23082,50,2579.565931
-38.785252,50,2581.720793
-24.52191,50,2583.842092
-51.027498,50,2585.871561
-50.295067,50,2587.950779
-20.104616,50,2590.104152
-50.289914,50,2592.095131
-37.936806,50,2594.227646
-26.239123,50,2596.344246
-0.129053,50,2598.343306
-50.081252,50,2600.500624
-50.438318,50,2607.801178
-50.185044,50,2609.957619
-53.655591,50,2612.041232
-53.265393,50,2614.073559
-51.631609,50,2616.397895
-53.056419,50,2618.484543
-50.14018,50,2620.624596
-51.882748,50,2622.710054
-50.091003,50,2624.805326
-81.992462,50,2626.957564
-57.700762,50,2628.98041
-51.50566,50,2631.131572
-52.566369,50,2633.247558
-50.435196,50,2635.274562
-57.938845,50,2637.421018
-50.18144,50,2639.474895
-22.931427,50,2641.640767
-50.072474,50,2643.66812
-54.791049,50,2645.768209
-50.357147,50,2647.788354
-51.059897,50,2655.033032
-50.100182,50,2657.097694
-67.910658,50,2659.329633
-51.082573,50,2661.337752
-50.144542,50,2663.433921
-50.51778,50,2665.555329
-50.112294,50,2667.623505
-7.386585,50,2669.77383
-51.529409,50,2671.860566
-50.113365,50,2673.97643
-50.11102,50,2676.05427
-50.09392,50,2678.318529
-50.420727,50,2680.362597
-51.021041,50,2682.467207
-60.965861,50,2684.570628
-54.060665,50,2686.632951
-51.490039,50,2688.74713
-50.537069,50,2690.849828
-0.244131,50,2692.969585
-0.137481,50,2695.105317
-19.529084,50,2702.609978
-50.209539,50,2704.619644
-25.27618,50,2706.798331
-54.029744,50,2708.853453
-50.125636,50,2710.88297
-50.205216,50,2713.049478
-50.193627,50,2715.117917
-50.23095,50,2717.236299
-53.803271,50,2719.422501
-54.114116,50,2721.486611
-50.147866,50,2723.497125
-51.822979,50,2725.598255
-52.73751,50,2727.7312
-61.997624,50,2729.900508
-40.696904,50,2732.03914
-24.592079,50,2734.158698
-50.184856,50,2736.273865
-57.119561,50,2738.492017
-61.568565,50,2740.703712
-0.141687,50,2742.709367
-50.152748,50,2750.077796
-52.511997,50,2752.17458
-60.240852,50,2754.393703
-50.175159,50,2756.432656
-50.123771,50,2758.534416
-50.093332,50,2760.660911
-62.418322,50,2762.821788
-60.473581,50,2764.883365
-50.138298,50,2766.92206
-50.234173,50,2769.03322
-50.068369,50,2771.084048
-0.089048,50,2773.274745
-51.006604,50,2775.484546
-60.1101,50,2777.744397
-51.531232,50,2779.73133
-50.123703,50,2781.859573
-51.405334,50,2784.094855
-66.654664,50,2786.17911
-50.135046,50,2788.190855
-60.780481,50,2790.361864
-50.504428,50,2797.875972
-51.792887,50,2800.116507
-50.096316,50,2802.108585
-59.366278,50,2804.22188
-63.829244,50,2806.34026
-50.605479,50,2808.351145
-50.165907,50,2810.432207
-50.133614,50,2812.595917
-50.11808,50,2814.652718
-50.282391,50,2816.776488
-51.81577,50,2818.891258
-50.219741,50,2820.945717
-50.14145,50,2823.129645
-50.125382,50,2825.202448
-50.172699,50,2827.501595
-50.133519,50,2829.494998
-50.163267,50,2831.529038
-50.210586,50,2833.590518
-50.260966,50,2835.728029
-50.113748,50,2837.78614
-50.458666,50,2845.124994
-53.269425,50,2847.367282
-50.122945,50,2849.376896
-50.108504,50,2851.451913
-29.487,50,2853.595301
-50.203539,50,2855.723361
-51.809271,50,2858.007069
-50.13938,50,2860.038309
-68.504079,50,2862.250954
-28.862678,50,2864.305127
-50.088081,50,2866.347776
-50.114544,50,2868.40618
-50.548916,50,2870.595011
-62.740605,50,2872.938703
-0.101818,50,2874.941748
-50.173735,50,2877.056793
-50.685189,50,2879.211171
-47.011508,50,2881.340515
-50.118605,50,2883.375536
-50.257934,50,2885.515142
-50.157077,50,2892.809545
-50.14175,50,2894.954461
-50.196849,50,2897.116293
-50.166504,50,2899.109516
-50.227822,50,2901.225062
-50.217258,50,2903.289611
-50.193273,50,2905.450542
-19.287356,50,2907.530801
-50.079767,50,2909.699633
-50.191909,50,2911.825589
-56.32127,50,2914.004193
-50.25992,50,2916.000811
-50.101202,50,2918.299084
-50.069846,50,2920.351794
-50.156844,50,2922.349068
-50.13394,50,2924.405087
-65.67944,50,2926.612207
-50.117012,50,2928.645426
-50.141177,50,2930.740683
-50.178439,50,2932.902011
-50.14118,50,2940.110035
-50.178726,50,2942.239585
-50.168957,50,2944.309228
-50.205129,50,2946.375383
-50.143697,50,2948.47084
-52.490156,50,2950.493831
-50.241413,50,2952.574199
-50.092218,50,2954.630121
-50.19759,50,2956.652039
-50.172198,50,2958.728906
-50.116424,50,2960.801207
-50.154582,50,2962.923744
-50.107384,50,2965.056844
-50.154767,50,2967.217561
-52.751578,50,2969.300824
-50.128311,50,2971.472528
-50.179733,50,2973.557995
-0.098221,50,2975.640579
-50.24714,50,2977.858298
-50.186124,50,2979.883292
-50.149799,50,2987.435303
-50.253179,50,2989.557678
-51.179172,50,2991.662057
-50.136383,50,2993.687664
-36.306152,50,2995.79591
-50.135545,50,2997.931716
-53.575963,50,3000.02615
-50.091575,50,3002.025598
-50.181436,50,3004.197859
-50.106356,50,3006.303156
-50.123286,50,3008.37196
-51.308781,50,3010.448966
-50.156162,50,3012.558749
-50.234487,50,3014.656159
-50.175141,50,3016.826383
-50.280883,50,3018.841154
-50.103801,50,3020.962232
-50.143027,50,3023.072845
-50.158255,50,3025.10108
-50.176209,50,3027.163081
-50.23045,50,3034.447361
-50.155913,50,3036.58078
-50.112684,50,3038.653751
-50.222927,50,3040.754886
-50.18322,50,3042.84634
-55.622819,50,3044.949712
-50.277691,50,3046.962577
-50.16756,50,3049.089621
-50.107012,50,3051.196107
-50.221108,50,3053.273583
-51.265994,50,3055.402461
-50.121085,50,3057.422347
-50.300454,50,3059.524078
-57.956108,50,3061.655226
-50.177871,50,3063.655875
-50.22807,50,3065.688344
-0.135607,50,3067.729004
-50.089257,50,3069.749318
-50.138096,50,3071.852993
-50.138833,50,3073.957011
-50.158926,50,3080.958214
-50.148861,50,3083.085596
-50.257927,50,3085.160786
-50.147326,50,3087.26039
-50.561154,50,3089.355911
-50.15835,50,3091.352217
-50.12461,50,3093.461635
-50.281617,50,3095.54679
-50.176759,50,3097.61866
-50.134076,50,3099.709585
-50.110797,50,3101.753215
-50.140831,50,3103.780258
-50.132319,50,3105.824451
-50.170614,50,3107.843118
-50.957005,50,3109.940264
-50.11101,50,3111.992637
-50.161522,50,3113.988676
-50.140926,50,3116.045599
-50.19561,50,3118.099634
-0.420425,50,3120.184089
-50.141644,50,3127.158237
-50.156842,50,3129.208757
-50.179265,50,3131.268841
-50.139149,50,3133.385932
-50.242753,50,3135.451594
-50.127565,50,3137.521033
-54.495087,50,3139.666537
-50.115232,50,3141.668114
-50.208528,50,3143.742913
-50.099808,50,3145.83473
-50.11996,50,3147.863023
-0.237792,50,3149.949087
-0.141796,50,3152.04161
-50.128271,50,3154.04733
-50.293013,50,3156.165815
-50.127412,50,3158.280291
-50.127909,50,3160.375827
-0.145194,50,3162.387404
-50.113113,50,3164.480744
-50.083777,50,3166.572315
-50.38598,50,3173.731318
-50.339966,50,3175.816807
-50.183057,50,3177.92052
-50.119161,50,3179.949044
-50.140791,50,3181.966887
-50.275909,50,3184.029768
-50.133228,50,3186.039449
-50.289287,50,3188.115732
-53.268582,50,3190.166286
-51.176115,50,3192.227552
-50.138811,50,3194.251622
-50.201976,50,3196.340326
-50.639381,50,3198.415449
-50.216291,50,3200.504819
-50.173066,50,3202.651038
-50.171144,50,3204.713285
-50.317497,50,3206.807376
-50.071128,50,3208.916031
-50.118084,50,3210.973045
-52.853928,50,3213.066743
-51.889298,50,3220.412645
-50.177504,50,3222.456496
-50.194829,50,3224.5934
-50.403675,50,3226.654612
-50.189449,50,3228.677939
-50.285285,50,3230.813136
-50.214279,50,3232.836555
-50.191701,50,3234.926215
-50.213216,50,3237.007972
-50.190115,50,3239.0581
-50.236705,50,3241.135666
-50.10873,50,3243.20732
-50.789925,50,3245.334743
-51.269378,50,3247.410073
-50.24497,50,3249.410526
-50.079294,50,3251.492298
-50.158803,50,3253.547836
-50.19685,50,3255.657542
-50.162058,50,3257.760311
-50.236052,50,3259.868114
-50.115233,50,3266.800385
-50.225077,50,3268.882293
-50.211448,50,3270.953857
-57.289184,50,3273.076869
-50.161838,50,3275.168694
-50.206819,50,3277.415546
-0.206444,50,3279.462619
-50.138138,50,3281.540687
-50.39052,50,3283.610668
-50.270943,50,3285.67135
-57.013251,50,3287.810171
-50.125758,50,3289.81012
-50.594202,50,3291.864445
-50.305278,50,3293.96654
-50.193148,50,3296.012082
-50.139695,50,3298.133074
-1.256974,50,3300.68993
-50.690285,50,3302.917034
-50.129749,50,3305.277747
-50.180306,50,3307.595043
-50.132026,50,3316.962383
-50.170032,50,3319.397068
-50.201093,50,3321.486467
-57.291449,50,3323.646676
-50.18738,50,3325.670251
-50.148787,50,3327.82747
-51.578689,50,3329.945791
-50.131815,50,3331.97535
-50.115802,50,3334.027849
-50.137492,50,3336.150159
