# {"t_start": 1649263614.2758899, "env_id": "CheolFingersSearch-v1"} 
r,l,t
-77.655262,50,35.369231
-25.171101,50,35.515051
-64.908605,50,35.668317
-27.141826,50,35.829382
-73.336213,50,35.990855
-25.918062,50,36.150903
-25.0,50,36.333929
-90.442048,50,36.48698
-25.0,50,36.654978
-80.251839,50,36.822977
-25.0,50,70.773864
-102.217294,50,70.933862
-25.33389,50,71.103245
-61.299179,50,71.272306
-42.804354,50,71.426468
-100.16002,50,71.598551
-25.0,50,71.76655
-25.088122,50,71.918549
-48.718472,50,72.062547
-57.72243,50,72.230546
-106.472264,50,106.05785
-25.0,50,106.225848
-64.892467,50,106.377847
-72.82163,50,106.540174
-74.592429,50,106.700173
-88.942322,50,106.861246
-76.124022,50,107.029244
-25.0,50,107.191273
-43.792549,50,107.343272
-84.603322,50,107.512327
-32.654987,50,141.241771
-18.449691,50,141.423862
-25.0,50,141.563929
-25.0,50,141.723928
-25.0,50,141.899926
-36.774594,50,142.059347
-50.140588,50,142.236398
-25.0,50,142.401071
-25.0,50,142.56107
-32.119496,50,142.721069
-25.0,50,176.581289
-32.73898,50,176.725288
-25.023696,50,176.877287
-25.0,50,177.021286
-25.304777,50,177.197285
-69.92924,50,177.377415
-32.318232,50,177.522717
-25.39796,50,177.667777
-46.309471,50,177.837074
-69.979774,50,177.998129
-25.0,50,211.912713
-18.34522,50,212.072712
-33.732087,50,212.24071
-25.053872,50,212.409968
-29.25908,50,212.561967
-28.790045,50,212.705966
-34.242196,50,212.85921
-25.0,50,213.003208
-25.007636,50,213.164272
-25.276871,50,213.342406
-25.0,50,247.302166
-25.090656,50,247.462166
-25.0,50,247.630164
-55.705371,50,247.798162
-25.169775,50,247.958161
-28.112095,50,248.134161
-25.062024,50,248.29508
-25.0,50,248.469455
-25.0,50,248.63851
-39.978237,50,248.790509
-25.0,50,282.644248
-25.464159,50,282.805319
-68.534206,50,282.949318
-25.0,50,283.117316
-25.194508,50,283.289473
-41.532411,50,283.457698
-67.495853,50,283.609697
-25.0,50,283.753696
-25.0,50,283.937695
-25.175462,50,284.089693
-25.0,50,317.99194
-25.055535,50,318.159939
-34.860193,50,318.318677
-65.364478,50,318.485378
-86.662632,50,318.64267
-34.158783,50,318.802668
-26.595149,50,318.96372
-78.328277,50,319.13172
-55.671244,50,319.291719
-32.293472,50,319.45433
-74.499104,50,353.454162
-25.0,50,353.614161
-50.417315,50,353.75816
-51.526964,50,353.926158
-57.5362,50,354.094157
-85.443205,50,354.254155
-63.830313,50,354.422154
-37.762514,50,354.590153
-30.58359,50,354.742152
-25.489021,50,354.90215
-62.279003,50,388.889428
-25.0,50,389.041427
-83.180004,50,389.202662
-25.462028,50,389.354663
-30.27737,50,389.523718
-54.827019,50,389.685249
-96.711598,50,389.845247
-67.861605,50,390.014309
-28.984561,50,390.167817
-25.0,50,390.320873
-71.382632,50,424.372962
-25.005398,50,424.54896
-25.071385,50,424.700959
-25.266703,50,424.860957
-25.0,50,425.028957
-25.0,50,425.180956
-26.068779,50,425.324954
-25.0,50,425.486276
-25.0,50,425.638275
-25.0,50,425.819771
-25.333247,50,459.891236
-25.120814,50,460.059236
-25.227655,50,460.224056
-110.142708,50,460.400054
-66.923278,50,460.554177
-46.705213,50,460.722176
-33.537631,50,460.874175
-25.88596,50,461.038164
-56.820669,50,461.199223
-28.21735,50,461.351221
-25.108078,50,495.339382
-25.83874,50,495.49138
-80.908163,50,495.64338
-32.985661,50,495.787378
-25.0,50,495.963377
-25.976732,50,496.139375
-25.0,50,496.299375
-78.685511,50,496.459373
-68.284598,50,496.619371
-25.0,50,496.79537
-39.002836,50,530.822521
-25.593673,50,530.990519
-36.230952,50,531.150518
-30.82165,50,531.326517
-28.179771,50,531.486516
-80.48063,50,531.638515
-25.0,50,531.798514
-106.500034,50,531.966512
-26.56585,50,532.13451
-28.3778,50,532.278509
-25.147689,50,566.282315
-70.602232,50,566.434315
-25.77063,50,566.602313
-25.0,50,566.762312
-24.649541,50,566.92231
-25.0,50,567.083611
-25.0,50,567.235609
-33.693397,50,567.411609
-25.0,50,567.572681
-30.245008,50,567.74068
-48.698495,50,601.853191
-25.0,50,602.01319
-27.535485,50,602.165189
-42.22131,50,602.309188
-50.90512,50,602.469186
-24.125075,50,602.629185
-88.735798,50,602.790516
-24.523405,50,602.950515
-64.390127,50,603.110514
-39.671871,50,603.271572
-25.257903,50,637.496633
-64.928331,50,637.658231
-38.465744,50,637.819284
-46.900958,50,637.987283
-25.0,50,638.156547
-25.037608,50,638.308545
-25.191154,50,638.453598
-25.105012,50,638.613597
-25.045002,50,638.765596
-25.056272,50,638.933594
-25.0,50,673.627549
-28.940573,50,673.788609
-30.12407,50,673.948608
-25.099623,50,674.116606
-25.181459,50,674.276605
-45.027586,50,674.445856
-67.183907,50,674.598928
-25.0,50,674.750927
-25.359771,50,674.912166
-54.25022,50,675.073223
-25.0,50,709.240532
-65.204481,50,709.39253
-50.812421,50,709.552529
-25.333088,50,709.720528
-32.28172,50,709.864526
-25.0,50,710.036366
-25.0,50,710.204366
-25.0,50,710.360433
-25.333802,50,710.533825
-25.908335,50,710.694886
-34.276911,50,744.811952
-89.629975,50,744.96395
-25.13999,50,745.133342
-74.800896,50,745.286395
-25.0,50,745.430394
-25.0,50,745.583528
-30.982718,50,745.759527
-67.374825,50,745.911526
-25.0,50,746.079524
-27.065182,50,746.239523
-86.973289,50,780.565574
-28.127407,50,780.725573
-32.307553,50,780.893571
-92.496,50,781.078049
-89.21841,50,781.231106
-25.07705,50,781.392479
-33.874185,50,781.553533
-91.203093,50,781.71353
-50.939927,50,781.881529
-25.301843,50,782.033528
-25.731068,50,816.296111
-22.709331,50,816.45611
-29.120441,50,816.640109
-37.389758,50,816.809368
-21.08088,50,816.98642
-32.72819,50,817.170418
-26.86414,50,817.338418
-47.736362,50,817.498416
-21.382781,50,817.650415
-12.161512,50,817.826413
-25.473959,50,851.928502
-21.618619,50,852.096501
-41.066956,50,852.264499
-32.423893,50,852.424499
-26.493122,50,852.592497
-25.0,50,852.728495
-82.886125,50,852.888494
-100.177442,50,853.040494
-45.425613,50,853.200493
-45.574196,50,853.36849
-17.150442,50,887.680252
-36.16541,50,887.854294
-25.754511,50,888.015348
-42.890531,50,888.175348
-30.984538,50,888.327346
-18.583855,50,888.511344
-7.238512,50,888.671343
-62.264947,50,888.839342
-28.57934,50,888.983341
-25.77763,50,889.12734
-37.207004,50,923.287852
-26.724253,50,923.455851
-25.373512,50,923.61585
-87.079292,50,923.767848
-11.817775,50,923.911848
-52.912817,50,924.063847
-13.66941,50,924.228387
-61.561682,50,924.404386
-82.572726,50,924.565441
-55.426237,50,924.71744
-24.507095,50,959.048524
-20.140401,50,959.193582
-47.741544,50,959.361581
-12.402539,50,959.529579
-7.027014,50,959.689578
-12.552504,50,959.857577
-30.581354,50,960.017575
-7.869651,50,960.193574
-25.865915,50,960.370851
-67.958231,50,960.532079
-32.314767,50,994.810483
-28.607443,50,994.954481
-73.012117,50,995.13048
-24.104083,50,995.290479
-58.396735,50,995.446443
-23.290011,50,995.603685
-18.95565,50,995.771685
-23.330966,50,995.955683
-83.942079,50,996.099682
-60.115092,50,996.259681
-33.055589,50,1030.519422
-12.160924,50,1030.688646
-13.93937,50,1030.856644
-25.984975,50,1031.016643
-36.168635,50,1031.176642
-12.194359,50,1031.328727
-99.391636,50,1031.488726
-37.453939,50,1031.66098
-11.624736,50,1031.820979
-52.318531,50,1031.990035
-12.925669,50,1066.277219
-19.092489,50,1066.429218
-12.996666,50,1066.605217
-40.42474,50,1066.765216
-60.339184,50,1066.933214
-16.395016,50,1067.085213
-18.114413,50,1067.237212
-27.641925,50,1067.405211
-80.258932,50,1067.557209
-15.858557,50,1067.733208
-67.129565,50,1102.031404
-75.899529,50,1102.191403
-25.812306,50,1102.351402
-22.029633,50,1102.5274
-14.376002,50,1102.695399
-87.939527,50,1102.863397
-86.814486,50,1103.016643
-107.14793,50,1103.185701
-26.788722,50,1103.345703
-31.171724,50,1103.489702
-102.385811,50,1138.037844
-25.934238,50,1138.198413
-25.009061,50,1138.369953
-23.213725,50,1138.525536
-33.106295,50,1138.674137
-22.796612,50,1138.840691
-53.811865,50,1138.997271
-48.103219,50,1139.151856
-32.764155,50,1139.336361
-25.315879,50,1139.484963
-41.508149,50,1173.778512
-90.0712,50,1173.95584
-105.047654,50,1174.108898
-26.535333,50,1174.252897
-65.574651,50,1174.404896
-59.978871,50,1174.556895
-58.316906,50,1174.724893
-113.192362,50,1174.892892
-24.990556,50,1175.047286
-29.255231,50,1175.222815
-28.577543,50,1209.433531
-59.339801,50,1209.60153
-26.41887,50,1209.745529
-107.755245,50,1209.905527
-27.072965,50,1210.065526
-25.21354,50,1210.249525
-20.701042,50,1210.401524
-95.129192,50,1210.567948
-25.61006,50,1210.719947
-26.45207,50,1210.889011
-25.128333,50,1245.199409
-148.060846,50,1245.375407
-101.748951,50,1245.527406
-144.346138,50,1245.699835
-25.695554,50,1245.860884
-25.0,50,1246.012885
-134.679811,50,1246.161324
-25.06363,50,1246.321323
-29.719777,50,1246.490646
-23.325353,50,1246.642644
-149.952261,50,1280.915042
-25.273708,50,1281.075041
-165.452516,50,1281.235039
-25.968224,50,1281.411038
-25.508079,50,1281.571037
-25.462795,50,1281.731036
-26.206346,50,1281.883034
-55.582466,50,1282.059034
-56.913442,50,1282.235035
-19.418063,50,1282.395031
-110.787733,50,1316.8294
-25.061918,50,1316.998742
-107.050455,50,1317.150743
-25.518371,50,1317.311796
-48.394535,50,1317.463796
-25.0,50,1317.615794
-68.243086,50,1317.783793
-27.04257,50,1317.951792
-24.665622,50,1318.103791
-46.734931,50,1318.263789
-15.328326,50,1352.739841
-25.04589,50,1352.89984
-25.126155,50,1353.04558
-25.0,50,1353.190639
-59.006786,50,1353.350637
-51.660847,50,1353.502636
-34.690771,50,1353.670635
-58.430796,50,1353.838634
-29.583626,50,1354.006632
-52.151685,50,1354.158631
-89.601964,50,1388.526034
-36.070815,50,1388.686033
-83.952998,50,1388.846032
-27.993699,50,1389.006205
-25.725582,50,1389.15926
-18.649311,50,1389.304651
-25.013954,50,1389.45771
-36.400177,50,1389.625709
-21.427952,50,1389.777707
-39.108513,50,1389.937706
-24.803031,50,1424.407309
-41.33234,50,1424.567308
-61.961278,50,1424.736384
-36.822241,50,1424.896384
-111.680788,50,1425.048382
-13.469177,50,1425.200381
-26.469344,50,1425.352381
-16.848731,50,1425.512379
-64.757248,50,1425.670521
-23.700201,50,1425.83179
-44.822511,50,1460.288617
-25.245552,50,1460.449687
-26.544672,50,1460.62493
-109.887537,50,1460.784929
-24.861488,50,1460.938193
-25.74013,50,1461.091718
-72.617378,50,1461.267716
-26.415256,50,1461.435715
-15.268191,50,1461.603714
-71.739167,50,1461.763712
-25.0,50,1496.244627
-21.459209,50,1496.404625
-17.300983,50,1496.564624
-83.795568,50,1496.740623
-14.65072,50,1496.908622
-36.0825,50,1497.06062
-14.796467,50,1497.22862
-25.0,50,1497.380618
-18.494629,50,1497.540617
-17.414887,50,1497.708616
-22.418549,50,1532.227873
-40.418681,50,1532.387872
-14.662246,50,1532.527935
-78.54482,50,1532.687933
-25.743588,50,1532.831932
-74.348012,50,1532.993258
-25.54548,50,1533.146325
-66.118712,50,1533.322323
-15.602997,50,1533.490322
-68.261162,50,1533.659671
-19.639844,50,1568.217267
-44.668489,50,1568.385266
-28.336055,50,1568.548597
-31.983723,50,1568.700594
-20.942611,50,1568.872658
-20.247752,50,1569.032656
-20.027993,50,1569.200655
-19.671178,50,1569.368654
-59.173283,50,1569.536653
-57.65186,50,1569.696652
-52.759632,50,1604.038176
-67.594096,50,1604.190176
-23.271444,50,1604.358174
-21.23897,50,1604.519462
-22.376377,50,1604.680522
-25.842909,50,1604.832521
-77.949214,50,1605.00852
-17.565852,50,1605.168519
-25.801315,50,1605.328517
-23.744615,50,1605.480516
-13.569486,50,1639.643247
-16.49924,50,1639.795246
-36.277546,50,1639.939244
-16.03896,50,1640.107244
-67.875597,50,1640.259242
-26.173451,50,1640.411241
-16.325855,50,1640.56324
-69.402532,50,1640.71839
-36.574676,50,1640.870389
-23.875897,50,1641.022388
-15.188573,50,1675.564893
-97.004082,50,1675.748167
-103.501009,50,1675.900166
-62.560616,50,1676.068165
-24.098687,50,1676.232528
-26.459376,50,1676.384527
-25.745071,50,1676.537592
-46.899396,50,1676.68959
-70.953643,50,1676.849589
-25.477114,50,1677.027042
-18.450728,50,1711.241648
-25.746067,50,1711.393647
-62.020065,50,1711.545646
-60.315949,50,1711.705645
-27.621011,50,1711.857645
-76.641645,50,1712.034925
-24.167771,50,1712.202923
-26.217736,50,1712.362922
-20.687171,50,1712.523977
-28.546551,50,1712.707977
-25.578135,50,1746.87021
-17.088029,50,1747.01421
-15.590477,50,1747.174208
-25.289309,50,1747.334208
-51.078427,50,1747.494206
-44.694502,50,1747.654206
-12.516826,50,1747.815434
-95.594204,50,1747.976488
-9.775414,50,1748.15388
-100.839495,50,1748.321878
-27.50665,50,1782.810916
-56.450579,50,1782.970916
-84.976079,50,1783.130915
-23.949404,50,1783.300458
-46.178045,50,1783.445562
-43.668934,50,1783.613562
-88.108892,50,1783.78956
-60.477114,50,1783.933559
-29.24446,50,1784.085557
-92.725745,50,1784.261557
-22.822385,50,1819.021586
-103.935559,50,1819.173585
-16.65836,50,1819.357584
-34.672324,50,1819.510968
-71.726489,50,1819.65603
-22.191062,50,1819.816028
-74.180601,50,1819.984027
-25.25127,50,1820.129367
-45.207002,50,1820.285906
-31.527469,50,1820.438968
-64.952036,50,1855.383886
-17.620674,50,1855.559885
-27.913536,50,1855.727884
-18.848673,50,1855.879883
-14.016375,50,1856.047881
-82.395662,50,1856.20788
-70.564002,50,1856.367878
-26.476077,50,1856.535877
-39.547908,50,1856.719876
-17.152783,50,1856.889161
-20.873449,50,1891.775718
-21.299379,50,1891.944777
-25.092833,50,1892.096776
-21.633049,50,1892.255497
-15.724929,50,1892.423496
-22.296237,50,1892.576553
-25.649066,50,1892.74627
-19.944111,50,1892.922269
-63.211413,50,1893.098268
-31.169291,50,1893.274267
-18.812397,50,1928.274376
-17.09252,50,1928.442374
-22.14017,50,1928.594373
-16.664497,50,1928.770372
-16.71685,50,1928.922371
-16.279216,50,1929.098369
-96.751512,50,1929.266368
-19.04459,50,1929.434366
-15.766706,50,1929.610365
-96.44325,50,1929.794364
-21.830395,50,1964.670406
-69.46672,50,1964.823463
-79.657052,50,1964.97902
-26.383034,50,1965.139018
-32.199133,50,1965.31608
-80.357824,50,1965.468079
-31.669314,50,1965.652078
-13.930558,50,1965.819233
-34.101865,50,1965.991938
-11.634335,50,1966.153013
-44.41057,50,2001.062738
-14.23974,50,2001.238736
-21.322274,50,2001.390735
-20.532803,50,2001.566734
-41.943795,50,2001.710732
-95.701208,50,2001.902731
-17.805354,50,2002.07073
-65.597922,50,2002.222729
-15.472086,50,2002.390728
-15.697861,50,2002.542727
-34.494616,50,2037.616404
-18.086651,50,2037.78546
-25.379862,50,2037.937458
-77.272477,50,2038.098718
-20.14983,50,2038.25872
-25.686915,50,2038.435779
-91.362497,50,2038.595778
-12.944978,50,2038.755777
-14.981616,50,2038.901069
-16.069164,50,2039.070132
-37.438236,50,2074.40552
-32.30559,50,2074.54952
-86.525899,50,2074.718849
-10.226525,50,2074.895912
-20.110147,50,2075.065248
-16.87021,50,2075.2103
-26.766069,50,2075.3783
-14.686639,50,2075.546302
-46.855541,50,2075.714298
-17.940765,50,2075.882296
-24.89918,50,2110.870364
-46.075144,50,2111.046363
-101.766711,50,2111.214361
-52.172491,50,2111.39036
-25.075454,50,2111.55836
-92.419259,50,2111.726358
-84.798781,50,2111.894357
-48.041406,50,2112.046355
-30.925425,50,2112.199615
-17.834945,50,2112.36868
-17.059415,50,2147.37381
-20.055304,50,2147.541809
-17.262694,50,2147.701808
-18.646631,50,2147.861806
-20.720163,50,2148.021806
-14.649299,50,2148.197804
-14.209619,50,2148.357803
-28.277995,50,2148.52705
-17.908531,50,2148.695047
-34.827549,50,2148.856108
-21.202118,50,2183.847845
-14.930716,50,2184.007845
-19.200861,50,2184.159842
-44.987333,50,2184.327842
-75.298766,50,2184.479841
-11.858932,50,2184.631839
-10.469412,50,2184.793123
-25.763279,50,2184.954185
-76.871401,50,2185.122184
-26.04122,50,2185.298183
-37.068477,50,2220.340508
-11.555415,50,2220.493573
-24.992315,50,2220.645572
-63.069076,50,2220.806921
-25.964982,50,2220.966919
-43.079895,50,2221.135975
-62.094257,50,2221.301844
-26.270889,50,2221.461842
-21.921419,50,2221.629841
-21.211077,50,2221.79784
-102.295094,50,2256.886419
-23.532777,50,2257.046417
-21.966977,50,2257.215734
-20.024645,50,2257.392793
-17.671757,50,2257.562025
-19.413835,50,2257.746026
-18.720154,50,2257.907087
-66.754192,50,2258.067086
-17.882369,50,2258.243085
-21.480717,50,2258.404354
-25.283055,50,2293.346994
-34.215832,50,2293.498994
-18.085116,50,2293.650992
-16.611533,50,2293.794992
-55.632555,50,2293.95499
-20.70903,50,2294.130989
-59.073795,50,2294.282988
-17.418579,50,2294.452242
-70.715005,50,2294.613296
-100.128603,50,2294.773295
-53.60007,50,2329.899018
-26.882041,50,2330.07507
-38.273288,50,2330.228076
-15.712221,50,2330.388076
-15.201222,50,2330.540074
-50.250073,50,2330.708073
-12.553298,50,2330.874242
-14.355396,50,2331.018241
-7.95417,50,2331.179469
-113.522619,50,2331.348526
-19.447559,50,2366.397438
-12.923634,50,2366.55935
-19.206187,50,2366.727348
-65.806563,50,2366.896399
-20.173196,50,2367.048398
-10.368693,50,2367.192397
-20.259445,50,2367.368395
-85.060321,50,2367.536394
-20.312792,50,2367.696393
-40.832892,50,2367.865685
-31.30408,50,2402.969217
-12.983441,50,2403.130531
-18.540699,50,2403.298531
-63.198181,50,2403.469722
-54.979076,50,2403.630785
-52.545483,50,2403.774784
-18.492333,50,2403.926783
-31.94388,50,2404.078782
-23.511353,50,2404.23078
-19.307024,50,2404.390779
-48.961802,50,2439.542513
-14.926926,50,2439.703568
-97.331874,50,2439.863567
-27.149538,50,2440.0169
-15.435998,50,2440.1689
-49.079991,50,2440.305957
-15.512842,50,2440.473956
-12.332956,50,2440.633954
-58.978607,50,2440.785954
-14.833682,50,2440.956105
-14.825951,50,2476.104633
-18.063907,50,2476.260994
-19.570109,50,2476.43006
-12.479884,50,2476.582059
-27.383276,50,2476.750057
-53.755307,50,2476.910057
-10.509684,50,2477.072118
-57.761706,50,2477.224117
-22.017065,50,2477.38518
-19.134936,50,2477.545178
-16.711213,50,2512.798894
-15.287393,50,2512.974892
-16.995333,50,2513.134891
-30.075414,50,2513.294889
-93.605259,50,2513.462888
-79.269199,50,2513.630887
-13.839414,50,2513.790885
-39.227615,50,2513.936157
-18.338131,50,2514.097219
-56.334372,50,2514.265218
-40.123895,50,2549.399913
-17.73868,50,2549.592975
-13.482948,50,2549.772134
-71.019839,50,2549.93319
-44.588189,50,2550.110525
-29.302908,50,2550.270528
-15.434126,50,2550.433719
-23.502344,50,2550.609717
-21.481295,50,2550.769716
-15.724828,50,2550.929971
-13.312099,50,2586.219972
-12.131746,50,2586.389027
-13.676577,50,2586.550285
-15.6594,50,2586.695342
-12.130084,50,2586.85534
-15.710294,50,2587.02334
-11.961609,50,2587.207338
-13.939369,50,2587.375337
-12.242973,50,2587.54456
-11.280918,50,2587.689617
-11.280681,50,2622.948992
-32.797581,50,2623.110049
-55.973508,50,2623.270048
-15.278087,50,2623.438047
-16.709455,50,2623.614046
-62.487414,50,2623.790045
-16.543584,50,2623.958042
-104.825729,50,2624.134042
-17.886954,50,2624.303453
-42.299282,50,2624.487451
-37.828643,50,2659.671322
-50.655433,50,2659.840563
-40.210468,50,2659.993616
-51.748168,50,2660.177614
-19.57932,50,2660.338954
-98.320289,50,2660.516009
-23.881428,50,2660.684009
-14.28646,50,2660.852007
-20.149105,50,2661.004005
-14.674104,50,2661.173277
-20.311402,50,2696.393451
-52.294312,50,2696.546726
-19.664504,50,2696.715786
-54.36585,50,2696.893058
-22.941742,50,2697.062119
-32.234127,50,2697.214117
-14.315907,50,2697.398116
-81.651697,50,2697.574115
-14.507822,50,2697.726114
-16.315793,50,2697.878113
-19.694679,50,2733.124201
-19.762473,50,2733.293259
-20.494729,50,2733.462677
-20.993318,50,2733.609003
-11.018959,50,2733.761002
-104.541177,50,2733.906065
-30.907353,50,2734.066061
-94.586889,50,2734.24206
-25.332514,50,2734.394058
-11.191344,50,2734.578058
-33.660187,50,2769.846104
-14.608384,50,2770.022103
-111.227345,50,2770.199341
-30.041516,50,2770.360396
-21.433474,50,2770.520395
-106.949501,50,2770.688394
-44.598627,50,2770.872392
-88.462401,50,2771.032392
-30.024141,50,2771.21639
-14.361766,50,2771.376389
-33.87457,50,2806.577038
-27.96307,50,2806.753036
-14.509016,50,2806.906301
-72.38455,50,2807.0503
-14.727607,50,2807.211352
-15.809804,50,2807.395351
-46.189803,50,2807.556605
-17.209921,50,2807.741667
-30.251874,50,2807.909666
-9.901901,50,2808.069665
-14.005243,50,2843.285049
-91.613255,50,2843.437047
-42.490642,50,2843.581048
-23.492337,50,2843.750303
-25.56296,50,2843.919365
-90.744511,50,2844.079366
-22.403084,50,2844.259912
-62.316353,50,2844.428979
-23.058298,50,2844.596977
-86.525116,50,2844.756976
-25.56655,50,2879.796484
-22.534769,50,2879.9351
-23.398775,50,2880.11216
-36.738005,50,2880.27216
-22.241404,50,2880.424157
-23.741801,50,2880.609389
-35.039956,50,2880.770446
-58.393501,50,2880.922445
-26.151014,50,2881.095618
-64.485076,50,2881.253515
-19.365002,50,2916.471199
-27.059862,50,2916.639197
-45.816159,50,2916.799196
-23.492369,50,2916.952492
-90.913783,50,2917.11249
-54.969648,50,2917.274832
-23.23067,50,2917.434832
-36.579247,50,2917.59483
-17.03807,50,2917.762829
-22.594307,50,2917.923879
-12.551588,50,2953.091075
-30.259293,50,2953.251073
-13.202309,50,2953.422252
-17.823679,50,2953.582252
-96.936644,50,2953.751306
-19.376767,50,2953.927304
-8.333374,50,2954.087303
-39.869844,50,2954.256506
-15.581398,50,2954.410846
-27.143842,50,2954.562846
-29.270283,50,2990.268783
-29.510968,50,2990.433342
-34.138134,50,2990.586931
-25.911861,50,2990.741516
-82.84559,50,2990.90408
-56.393412,50,2991.050687
-91.657263,50,2991.214249
-25.468998,50,2991.35587
-25.169023,50,2991.50447
-13.501218,50,2991.68
-37.59002,50,3026.99575
-19.005442,50,3027.149045
-40.530768,50,3027.318097
-17.335909,50,3027.470095
-16.722395,50,3027.622094
-32.091626,50,3027.774092
-28.560766,50,3027.926091
-47.364908,50,3028.08609
-93.925917,50,3028.251581
-35.289579,50,3028.40358
-48.158593,50,3063.896624
-14.47488,50,3064.072622
-101.934159,50,3064.224621
-26.115332,50,3064.39262
-49.275807,50,3064.548882
-45.184938,50,3064.700882
-49.270316,50,3064.861944
-26.290632,50,3065.021943
-59.66172,50,3065.181942
-47.950729,50,3065.36594
-30.316984,50,3100.489545
-19.103459,50,3100.665545
-40.144944,50,3100.809542
-19.462204,50,3100.979151
-18.154471,50,3101.134298
-14.240177,50,3101.302298
-34.49919,50,3101.464735
-84.020307,50,3101.641813
-30.871493,50,3101.809811
-13.762745,50,3101.960505
-16.591718,50,3137.091521
-20.858464,50,3137.26752
-21.198883,50,3137.427518
-16.044821,50,3137.579517
-16.558061,50,3137.740765
-18.565138,50,3137.908764
-18.072783,50,3138.085823
-70.147457,50,3138.245822
-21.733763,50,3138.40582
-26.128608,50,3138.573819
-38.213626,50,3173.877495
-62.295023,50,3174.061493
-97.633637,50,3174.221492
-17.849462,50,3174.373492
-21.176195,50,3174.54949
-75.15924,50,3174.701489
-19.795587,50,3174.853488
-13.15627,50,3175.013486
-20.119086,50,3175.189486
-12.66895,50,3175.357484
-25.617001,50,3210.599174
-106.762554,50,3210.760631
-25.607272,50,3210.928631
-26.151884,50,3211.104629
-25.503422,50,3211.281689
-25.975973,50,3211.437897
-26.201815,50,3211.598972
-29.335863,50,3211.784322
-25.0,50,3211.94432
-42.325217,50,3212.097373
-90.352544,50,3247.137722
-62.908962,50,3247.298954
-64.424116,50,3247.460027
-112.549942,50,3247.628026
-18.586941,50,3247.788025
-78.480414,50,3247.972023
-20.241404,50,3248.140022
-100.65432,50,3248.332021
-17.073832,50,3248.476021
-87.859967,50,3248.637308
-23.333197,50,3283.961629
-27.658934,50,3284.129627
-12.138863,50,3284.297627
-77.353659,50,3284.450924
-71.792768,50,3284.603984
-31.944188,50,3284.787982
-10.868199,50,3284.955981
-16.223003,50,3285.115981
-53.393173,50,3285.275979
-12.711932,50,3285.435977
-19.887761,50,3320.822784
-15.187931,50,3320.982784
-27.967689,50,3321.138942
-48.4601,50,3321.304225
-91.000418,50,3321.464224
-33.991855,50,3321.624223
-21.730973,50,3321.768222
-19.526817,50,3321.928221
-15.314108,50,3322.080221
-15.646261,50,3322.233849
-46.238963,50,3357.749825
-27.519553,50,3357.918891
-68.544902,50,3358.086889
-22.531888,50,3358.246888
-16.903445,50,3358.414887
-15.2422,50,3358.574885
-12.699284,50,3358.736155
-110.277929,50,3358.897216
-21.862083,50,3359.066443
-95.353667,50,3359.219506
-15.384855,50,3394.637484
-77.675419,50,3394.805483
-12.955465,50,3394.965482
-12.637326,50,3395.125481
-15.655539,50,3395.28548
-59.435134,50,3395.445479
-16.494043,50,3395.605477
-19.932355,50,3395.765477
-14.835199,50,3395.926854
-85.247688,50,3396.095055
-77.4857,50,3431.532497
-27.287563,50,3431.676497
-114.005992,50,3431.860495
-21.785254,50,3432.020494
-17.628781,50,3432.164494
-13.156659,50,3432.316492
-14.5706,50,3432.46849
-12.030587,50,3432.628489
-119.607116,50,3432.788489
-26.201095,50,3432.948487
-25.540745,50,3468.738034
-87.691107,50,3468.907339
-25.548232,50,3469.083338
-27.222731,50,3469.260393
-25.456116,50,3469.429819
-12.404498,50,3469.589818
-25.755531,50,3469.766874
-25.739114,50,3469.934873
-49.739139,50,3470.131298
-26.55909,50,3470.292358
-11.128305,50,3506.445091
-12.277161,50,3506.61309
-85.971302,50,3506.789089
-15.272682,50,3506.965089
-91.347739,50,3507.133087
-80.012595,50,3507.301086
-107.988156,50,3507.469085
-11.569288,50,3507.638343
-25.922788,50,3507.791406
-24.164849,50,3507.943405
-14.991818,50,3544.430955
-18.666189,50,3544.600033
-27.190435,50,3544.768032
-14.489451,50,3544.92003
-131.211663,50,3545.096029
-26.92643,50,3545.272027
-32.199615,50,3545.440027
-11.052413,50,3545.600025
-14.172293,50,3545.769473
-16.16929,50,3545.921472
-34.257398,50,3582.325814
-20.387746,50,3582.501812
-9.154344,50,3582.6711
-24.317198,50,3582.83217
-40.106013,50,3583.008168
-24.110572,50,3583.184167
-56.953939,50,3583.344166
-19.998838,50,3583.504165
-89.65865,50,3583.680163
-23.249976,50,3583.840162
-26.816906,50,3620.265754
-29.843089,50,3620.441752
-26.624926,50,3620.617751
-22.207029,50,3620.770984
-25.432731,50,3620.93205
-30.951372,50,3621.092049
-35.78637,50,3621.248243
-45.131421,50,3621.408242
-30.785246,50,3621.576241
-24.593599,50,3621.72824
-53.831161,50,1784.800419
-81.652473,50,1786.513325
-32.23204,50,1788.204163
-51.248717,50,1789.947203
-57.772803,50,1791.63861
-39.829387,50,1793.351584
-38.307062,50,1795.060264
-109.341881,50,1796.769355
-40.413303,50,1798.489029
-50.763771,50,1800.196766
-116.703066,50,1801.923553
-49.04805,50,1803.718876
-36.156901,50,1805.46834
-46.425036,50,1807.169356
-54.977017,50,1808.908065
-29.650249,50,1810.662727
-62.223224,50,1812.388135
-46.079459,50,1814.108967
-67.93089,50,1815.837102
-39.120667,50,1817.548918
-82.009338,50,1821.072736
-72.796918,50,1822.791456
-34.625553,50,1824.497752
-42.131891,50,1826.241107
-105.177082,50,1827.947445
-40.610753,50,1829.702682
-40.358544,50,1831.458879
-77.462464,50,1833.185659
-68.35068,50,1834.911978
-43.838413,50,1836.64764
-38.599408,50,1838.382328
-30.009016,50,1840.104226
-43.251284,50,1841.837319
-52.710841,50,1843.553725
-36.744436,50,1845.276341
-48.662953,50,1846.99165
-62.641713,50,1848.732273
-111.074963,50,1850.451546
-68.060784,50,1852.182882
-47.186615,50,1853.927786
-80.421104,50,1857.41982
-53.417274,50,1859.158113
-97.288992,50,1860.872889
-105.66173,50,1862.616141
-76.198668,50,1864.337873
-79.844603,50,1866.071656
-59.227574,50,1867.787002
-64.110296,50,1869.5093
-52.702137,50,1871.243326
-96.25222,50,1872.981861
-68.290859,50,1874.698656
-53.168884,50,1876.42028
-62.408593,50,1878.143984
-76.24046,50,1879.877738
-65.440471,50,1881.604492
-70.371153,50,1883.32788
-62.687844,50,1885.066308
-44.532788,50,1886.808822
-49.744016,50,1888.527723
-49.269895,50,1890.267197
-49.444544,50,1893.935322
-75.267333,50,1895.69074
-101.664159,50,1897.425374
-62.556129,50,1899.155678
-46.736484,50,1900.881658
-34.480601,50,1902.613394
-57.191124,50,1904.351776
-93.909187,50,1906.072293
-36.587614,50,1907.797118
-52.932323,50,1909.535432
-100.706982,50,1911.257921
-75.398982,50,1912.985422
-60.404649,50,1914.709262
-41.199236,50,1916.432775
-35.174861,50,1918.171064
-74.817158,50,1919.901041
-50.462379,50,1921.628914
-39.656094,50,1923.352873
-36.57205,50,1925.085774
-82.78779,50,1926.808467
-61.954226,50,1930.331968
-30.826769,50,1932.058115
-45.002645,50,1933.791382
-47.671201,50,1935.51625
-48.960657,50,1937.238497
-37.701167,50,1938.961928
-83.489066,50,1940.678109
-65.476997,50,1942.410861
-51.586673,50,1944.117179
-59.954418,50,1945.866102
-63.705821,50,1947.580623
-59.346245,50,1949.354252
-55.070947,50,1951.115256
-48.043788,50,1952.847151
-96.387949,50,1954.571762
-49.239439,50,1956.291568
-61.061113,50,1958.031186
-48.404934,50,1959.738969
-26.754754,50,1961.468285
-47.608207,50,1963.193988
-36.998244,50,1966.722617
-23.89427,50,1968.430376
-48.109312,50,1970.174455
-81.99419,50,1971.901801
-69.693093,50,1973.624077
-27.008815,50,1975.35684
-73.31681,50,1977.087618
-76.724577,50,1978.819034
-44.65933,50,1980.541265
-47.971561,50,1982.280868
-56.426764,50,1984.019962
-89.251475,50,1985.752577
-46.873955,50,1987.47462
-32.594772,50,1989.204919
-44.529891,50,1990.947932
-51.352074,50,1992.680927
-90.509442,50,1994.38722
-42.371708,50,1996.128009
-39.428733,50,1997.854951
-49.827592,50,1999.585417
-37.532635,50,2003.11356
-54.39682,50,2004.849536
-37.84893,50,2006.569004
-43.20074,50,2008.299311
-75.900337,50,2010.06256
-59.997904,50,2011.808358
-53.683999,50,2013.56136
-43.172928,50,2015.271412
-88.80506,50,2017.011898
-50.25491,50,2018.78329
-61.851624,50,2020.500864
-35.515828,50,2022.248832
-43.222456,50,2023.983849
-58.8077,50,2025.717171
-55.680492,50,2027.442225
-44.55209,50,2029.172691
-82.400823,50,2030.92409
-42.268857,50,2032.63249
-53.018065,50,2034.364082
-60.694529,50,2036.113811
-66.135061,50,2039.63337
-41.140185,50,2041.373189
-62.908323,50,2043.126914
-49.985134,50,2044.89251
-71.60633,50,2046.671906
-37.669363,50,2048.409199
-58.009092,50,2050.220958
-111.204961,50,2051.981238
-52.240299,50,2053.736533
-112.022146,50,2055.489831
-74.809191,50,2057.239142
-61.763007,50,2059.002414
-57.659301,50,2060.739756
-85.075371,50,2062.492058
-90.386143,50,2064.236381
-54.065174,50,2065.971728
-49.219067,50,2067.692116
-43.226293,50,2069.449404
-44.317635,50,2071.212676
-32.677175,50,2072.944034
-42.856384,50,2076.459898
-35.055557,50,2078.208683
-61.79602,50,2079.944562
-31.704856,50,2081.678565
-51.351914,50,2083.41797
-68.488266,50,2085.151908
-69.576145,50,2086.887539
-63.042585,50,2088.599054
-91.116755,50,2090.333387
-45.277526,50,2092.06392
-34.582606,50,2093.808228
-62.575078,50,2095.535831
-111.740723,50,2097.272655
-33.557117,50,2098.995096
-40.648826,50,2100.736866
-50.018959,50,2102.449241
-63.247756,50,2104.191201
-95.560061,50,2105.91405
-58.236849,50,2107.651366
-40.685311,50,2109.38975
-79.45963,50,2112.946283
-56.418457,50,2114.676577
-45.963327,50,2116.394346
-83.980333,50,2118.117993
-73.218393,50,2119.865722
-59.452098,50,2121.58437
-48.244337,50,2123.294
-98.037062,50,2125.039132
-42.039342,50,2126.775569
-71.537424,50,2128.50021
-79.54427,50,2130.266445
-102.275773,50,2132.016289
-39.737742,50,2133.767787
-74.756869,50,2135.500081
-32.439476,50,2137.235992
-55.275285,50,2138.966918
-90.524142,50,2140.696206
-36.719274,50,2142.431746
-64.147557,50,2144.16686
-53.122506,50,2145.908483
-36.776247,50,2149.44971
-73.300814,50,2151.171236
-90.160923,50,2152.90294
-102.75912,50,2154.64245
-48.798594,50,2156.372109
-78.087746,50,2158.101819
-69.131572,50,2159.837343
-38.968372,50,2161.576142
-44.19156,50,2163.314425
-49.164713,50,2165.034846
-55.031022,50,2166.760002
-48.969699,50,2168.501082
-39.650856,50,2170.218172
-45.079835,50,2171.958639
-41.815651,50,2173.699657
-50.322752,50,2175.422101
-39.008646,50,2177.168379
-68.975237,50,2178.898667
-38.798821,50,2180.629584
-84.059904,50,2182.364779
-65.495265,50,2185.870177
-35.862667,50,2187.598984
-87.565352,50,2189.382874
-94.16939,50,2191.151073
-62.487393,50,2192.866642
-35.786356,50,2194.608931
-37.495219,50,2196.340321
-37.457407,50,2198.072245
-39.988375,50,2199.787586
-38.662918,50,2201.525399
-79.349765,50,2203.264095
-38.342265,50,2204.998818
-39.77185,50,2206.743286
-52.542996,50,2208.465653
-36.940643,50,2210.197198
-47.109648,50,2211.921098
-38.657961,50,2213.667418
-37.311055,50,2215.376123
-41.737906,50,2217.127979
-56.872757,50,2218.851841
-46.544296,50,2222.375442
-38.925093,50,2224.101795
-70.919983,50,2225.832246
-38.677082,50,2227.602169
-52.020856,50,2229.334847
-50.663897,50,2231.062063
-99.956156,50,2232.808436
-50.161401,50,2234.546737
-47.7639,50,2236.2714
-44.330531,50,2238.022368
-68.925429,50,2239.750151
-49.378733,50,2241.488473
-55.026779,50,2243.213104
-49.003058,50,2244.959428
-51.950611,50,2246.68416
-38.080359,50,2248.422452
-41.814511,50,2250.180936
-42.423759,50,2251.931379
-35.496357,50,2253.672887
-39.016101,50,2255.39771
-38.750605,50,2258.903015
-58.34827,50,2260.62148
-56.151341,50,2262.361412
-39.682292,50,2264.107067
-38.988725,50,2265.83198
-54.382861,50,2267.568436
-38.521683,50,2269.315747
-37.436223,50,2271.047149
-40.959961,50,2272.787248
-40.664188,50,2274.520273
-51.646786,50,2276.248575
-45.226243,50,2277.997617
-36.740054,50,2279.699972
-42.903603,50,2281.450089
-34.639142,50,2283.186417
-62.03212,50,2284.931012
-55.324059,50,2286.672336
-41.056287,50,2288.419839
-52.710252,50,2290.15144
-36.019257,50,2291.882169
-90.899531,50,2295.402464
-57.818084,50,2297.134228
-69.389913,50,2298.856687
-98.784018,50,2300.59628
-67.717344,50,2302.349289
-35.686283,50,2304.090353
-56.332468,50,2305.820234
-60.026256,50,2307.550809
-39.445125,50,2309.304415
-92.707149,50,2311.062413
-61.834947,50,2312.784307
-42.724896,50,2314.517513
-42.184359,50,2316.268981
-52.559283,50,2318.016899
-82.060582,50,2319.732268
-32.554292,50,2321.469526
-62.454126,50,2323.226624
-51.243354,50,2324.959271
-49.661219,50,2326.699994
-37.184889,50,2328.417034
-40.817534,50,2331.958129
-39.087556,50,2333.6885
-55.480331,50,2335.437231
-69.51286,50,2337.158245
-83.393498,50,2338.888667
-49.901798,50,2340.637752
-72.452293,50,2342.359355
-54.710492,50,2344.09196
-58.294703,50,2345.830731
-38.258516,50,2347.556178
-67.831717,50,2349.298238
-41.431874,50,2351.056427
-58.008118,50,2352.7759
-60.051961,50,2354.49818
-102.060548,50,2356.245939
-38.032742,50,2357.979086
-85.191086,50,2359.70939
-49.136173,50,2361.446848
-50.346585,50,2363.169175
-45.665318,50,2364.897097
-40.703354,50,2368.421656
-45.601184,50,2370.1994
-74.522031,50,2371.944652
-48.061551,50,2373.675023
-64.643024,50,2375.418141
-86.81075,50,2377.162903
-68.782109,50,2378.889159
-102.791704,50,2380.638776
-50.543044,50,2382.376746
-70.397569,50,2384.123431
-33.276008,50,2385.857545
-70.848071,50,2387.581558
-66.020711,50,2389.328007
-43.365389,50,2391.055466
-72.319888,50,2392.788912
-78.45289,50,2394.529522
-37.720775,50,2396.28361
-56.122183,50,2398.025294
-43.076135,50,2399.755782
-93.303467,50,2401.477047
-35.679844,50,2405.018262
-53.810204,50,2406.763709
-64.353269,50,2408.494154
-64.086238,50,2410.240546
-53.715041,50,2411.966459
-62.222291,50,2413.709905
-53.403567,50,2415.426114
-85.70766,50,2417.180902
-28.486758,50,2418.919809
-70.426386,50,2420.645386
-111.020521,50,2422.391448
-37.282073,50,2424.10624
-69.057699,50,2425.849736
-64.803524,50,2427.582555
-28.530734,50,2429.348184
-44.260249,50,2431.108457
-41.550223,50,2432.847897
-40.536571,50,2434.585994
-46.847024,50,2436.333324
-81.665728,50,2438.058095
-72.54447,50,2441.597707
-57.944888,50,2443.350956
-80.527976,50,2445.092932
-59.921764,50,2446.839425
-40.643341,50,2448.570409
-31.36549,50,2450.318023
-71.943808,50,2452.041735
-105.090382,50,2453.773323
-77.547691,50,2455.523283
-38.740216,50,2457.252124
-109.63984,50,2458.984936
-81.650332,50,2460.725854
-74.012878,50,2462.469388
-58.851582,50,2464.202455
-61.271746,50,2465.943151
-51.631368,50,2467.693957
-70.979855,50,2469.424421
-42.457937,50,2471.161001
-43.130315,50,2472.915308
-42.522862,50,2474.64584
-38.746196,50,2478.19478
-62.487675,50,2479.917311
-54.081908,50,2481.657222
-32.713575,50,2483.396148
-37.013558,50,2485.142522
-51.926445,50,2486.866068
-16.165051,50,2488.598861
-45.346854,50,2490.361616
-35.966977,50,2492.115228
-43.005243,50,2493.870365
-112.861158,50,2495.604057
-30.319346,50,2497.349926
-90.151547,50,2499.088458
-46.474007,50,2500.82911
-32.904992,50,2502.554581
-41.855911,50,2504.32531
-34.922447,50,2506.074181
-56.822578,50,2507.816157
-67.518427,50,2509.571163
-53.734027,50,2511.298848
-113.834095,50,2514.82682
-45.190755,50,2516.572916
-27.184365,50,2518.337329
-37.414677,50,2520.072898
-44.071549,50,2521.817221
-44.232743,50,2523.542163
-52.501989,50,2525.321457
-42.45044,50,2527.049103
-57.358441,50,2528.789713
-57.630342,50,2530.529786
-35.943095,50,2532.272821
-35.649088,50,2533.987108
-81.591448,50,2535.73763
-45.278124,50,2537.470468
-39.294254,50,2539.210248
-48.60166,50,2540.952286
-49.934592,50,2542.696028
-55.867265,50,2544.425164
-57.764994,50,2546.16788
-43.274046,50,2547.911168
-57.752502,50,2551.476632
-69.365382,50,2553.200552
-87.734443,50,2554.964402
-32.011686,50,2556.697911
-74.023872,50,2558.446304
-39.744395,50,2560.200633
-31.866429,50,2561.929167
-62.336169,50,2563.674381
-47.507723,50,2565.430158
-49.340196,50,2567.161563
-51.980539,50,2568.900058
-45.041028,50,2570.651207
-60.604048,50,2572.431851
-63.974623,50,2574.208059
-49.949039,50,2575.974639
-41.467273,50,2577.763941
-33.711608,50,2579.500059
-114.779275,50,2581.237732
-52.464134,50,2582.999015
-26.28057,50,2584.743003
-52.028154,50,2588.259219
-49.876554,50,2590.020783
-76.861507,50,2591.747478
-45.639746,50,2593.50417
-82.996731,50,2595.244326
-101.221893,50,2596.996053
-61.408988,50,2598.719818
-67.652832,50,2600.471483
-48.459471,50,2602.206965
-112.269124,50,2603.953424
-42.553688,50,2605.710051
-42.398912,50,2607.447511
-59.973838,50,2609.204851
-33.216149,50,2610.97629
-45.137262,50,2612.729903
-57.333501,50,2614.470533
-118.226098,50,2616.205637
-106.729354,50,2617.946568
-46.103287,50,2619.717384
-51.556763,50,2621.473881
-54.702512,50,2625.010102
-42.414611,50,2626.758934
-41.448291,50,2628.51618
-51.370526,50,2630.277043
-71.346918,50,2632.001885
-43.476728,50,2633.75637
-80.765226,50,2635.504066
-68.808922,50,2637.264249
-32.823982,50,2639.000469
-46.529502,50,2640.736195
-88.069495,50,2642.480136
-49.395215,50,2644.248225
-51.485305,50,2645.984011
-54.248564,50,2647.731421
-108.993161,50,2649.475468
-34.794043,50,2651.209047
-46.554549,50,2652.968809
-45.631461,50,2654.71806
-43.248183,50,2656.449902
-52.037419,50,2658.198647
-38.005322,50,2661.719933
-39.842349,50,2663.460516
-54.932647,50,2665.198966
-46.41593,50,2666.943769
-122.036422,50,2668.687659
-33.156612,50,2670.466073
-45.817889,50,2672.221955
-44.907558,50,2673.954574
-42.169355,50,2675.710226
-42.566494,50,2677.470014
-31.040444,50,2679.210352
-58.700153,50,2680.949926
-42.190436,50,2682.710826
-36.761204,50,2684.449134
-111.582152,50,2686.194351
-51.935662,50,2687.932714
-34.474824,50,2689.687375
-86.165874,50,2691.444601
-47.15006,50,2693.194374
-41.867779,50,2694.924643
-94.433065,50,2698.455715
-51.077458,50,2700.199758
-43.840049,50,2701.968997
-44.965144,50,2703.713678
-41.701899,50,2705.437022
-111.927889,50,2707.185762
-39.841126,50,2708.917093
-93.491438,50,2710.655812
-91.687272,50,2712.419856
-44.370321,50,2714.159374
-47.181762,50,2715.89346
-44.349275,50,2717.6322
-56.707205,50,2719.379988
-64.650457,50,2721.118255
-35.550335,50,2722.863045
-50.789048,50,2724.59561
-52.01668,50,2726.343433
-50.872513,50,2728.094604
-39.564113,50,2729.861912
-52.229955,50,2731.628782
-46.201529,50,2735.16366
-100.262699,50,2736.907431
-48.687675,50,2738.667017
-70.788411,50,2740.408039
-98.429379,50,2742.163157
-79.75296,50,2743.89462
-97.70302,50,2745.66516
-71.577562,50,2747.397951
-40.580775,50,2749.152333
-37.362796,50,2750.900813
-75.101864,50,2752.649269
-33.527671,50,2754.389884
-54.321668,50,2756.144234
-41.985736,50,2757.881119
-47.619114,50,2759.63544
-33.531625,50,2761.376467
-40.432208,50,2763.112974
-66.625623,50,2764.862645
-58.10683,50,2766.615721
-46.524524,50,2768.349406
-57.281123,50,2771.875348
-56.708862,50,2773.625443
-54.227609,50,2775.365142
-52.125373,50,2777.112484
-53.286776,50,2778.870587
-52.297068,50,2780.587842
-43.861878,50,2782.355409
-58.277057,50,2784.102906
-55.986899,50,2785.847343
-47.657717,50,2787.589908
-46.097727,50,2789.345936
-49.897431,50,2791.117102
-43.055256,50,2792.861013
-42.794877,50,2794.612102
-37.876328,50,2796.370847
-62.734713,50,2798.127437
-45.870251,50,2799.867718
-64.160643,50,2801.603593
-56.303085,50,2803.341916
-34.680992,50,2805.096306
-56.57249,50,2808.616618
-36.294204,50,2810.359709
-37.453584,50,2812.117657
-39.92238,50,2813.868188
-107.879605,50,2815.617126
-62.722708,50,2817.355257
-69.128656,50,2819.097005
-70.37186,50,2820.854285
-41.266164,50,2822.598768
-47.01963,50,2824.334671
-90.254116,50,2826.077504
-75.504494,50,2827.841312
-65.1514,50,2829.583633
-92.601107,50,2831.333487
-42.919879,50,2833.082091
-56.422803,50,2834.808245
-86.831734,50,2836.574173
-55.798055,50,2838.306859
-86.978997,50,2840.056795
-58.523445,50,2841.809492
-39.488037,50,2845.348194
-60.737434,50,2847.064016
-48.031696,50,2848.780723
-48.247825,50,2850.538186
-34.479399,50,2852.272894
-51.045758,50,2853.993638
-84.383211,50,2855.694722
-49.300679,50,2857.442912
-62.831376,50,2859.187961
-62.211792,50,2860.902258
-45.821265,50,2862.653554
-37.809257,50,2864.413835
-43.726095,50,2866.1574
-20.583966,50,2867.874125
-36.62688,50,2869.612477
-63.422323,50,2871.353311
-55.567765,50,2873.114527
-43.454315,50,2874.840498
-104.574957,50,2876.565716
-59.576301,50,2878.321536
-59.404913,50,2881.839117
-67.101522,50,2883.573248
-53.805966,50,2885.324831
-46.434486,50,2887.050599
-68.91837,50,2888.794232
-35.77555,50,2890.547203
-35.201422,50,2892.278994
-39.913923,50,2894.042683
-35.800129,50,2895.77977
-62.983406,50,2897.502364
-46.117687,50,2899.256716
-64.588615,50,2900.995005
-42.982115,50,2902.716494
-41.974932,50,2904.465709
-91.786308,50,2906.229046
-100.124049,50,2907.954512
-32.576443,50,2909.743216
-38.291764,50,2911.494965
-40.061007,50,2913.227683
-39.75884,50,2914.981459
-93.031576,50,2918.485481
-37.979767,50,2920.240239
-57.640111,50,2921.9675
-50.566277,50,2923.725324
-41.432723,50,2925.46846
-67.625971,50,2927.220191
-38.303882,50,2928.943522
-71.986437,50,2930.700234
-52.398951,50,2932.447785
-51.650787,50,2934.198035
-52.767485,50,2935.936407
-52.28579,50,2937.667311
-41.364401,50,2939.397582
-44.837045,50,2941.145063
-83.156762,50,2942.898534
-43.20355,50,2944.646847
-60.119749,50,2946.383393
-68.267373,50,2948.14083
-46.853895,50,2949.897445
-55.218003,50,2951.640046
-49.114879,50,2955.1495
-101.818908,50,2956.911986
-37.141174,50,2958.653199
-95.734958,50,2960.400595
-35.267195,50,2962.139107
-42.746011,50,2963.889466
-72.735829,50,2965.662272
-57.608712,50,2967.450788
-31.951516,50,2969.222223
-63.78186,50,2971.047719
-56.256689,50,2972.899754
-77.759789,50,2974.681975
-31.134436,50,2976.456219
-72.354809,50,2978.236445
-45.925062,50,2980.012683
-88.933957,50,2981.759001
-48.26723,50,2983.520279
-43.727568,50,2985.266597
-42.298234,50,2987.016905
-35.255447,50,2988.769207
-42.107566,50,2992.315698
-34.956224,50,2994.059024
-51.636499,50,2995.808576
-50.500634,50,2997.541397
-54.552176,50,2999.298362
-43.283994,50,3001.035089
-76.978275,50,3002.79746
-77.325293,50,3004.54475
-35.138419,50,3006.299525
-47.274199,50,3008.049584
-47.194886,50,3009.806591
-56.640452,50,3011.544879
-75.316366,50,3013.279814
-40.938885,50,3015.036521
-55.047817,50,3016.769394
-65.249029,50,3018.518303
-31.874509,50,3020.248595
-48.086105,50,3022.001875
-39.836289,50,3023.751165
-41.100452,50,3025.505444
-50.895052,50,3029.056616
-45.650201,50,3030.824528
-33.237771,50,3032.567629
-76.808666,50,3034.326627
-59.161691,50,3036.083956
-50.339004,50,3037.849398
-30.670172,50,3039.598088
-38.600543,50,3041.348011
-32.35108,50,3043.091723
-33.749495,50,3044.846313
-62.209983,50,3046.601674
-38.843636,50,3048.350785
-110.35883,50,3050.108817
-37.644439,50,3051.851368
-71.253738,50,3053.616642
-37.576062,50,3055.390386
-88.595204,50,3057.148994
-48.374216,50,3058.881611
-61.097904,50,3060.638801
-45.861802,50,3062.389853
-46.726649,50,3065.951543
-46.800343,50,3067.700588
-53.981336,50,3069.443654
-59.611512,50,3071.211848
-53.799873,50,3072.960672
-108.065532,50,3074.708825
-115.929705,50,3076.460792
-45.385024,50,3078.216418
-50.969293,50,3079.969311
-43.100201,50,3081.686406
-87.428255,50,3083.388042
-34.771378,50,3085.146226
-95.041479,50,3086.865235
-91.023283,50,3088.595948
-44.331398,50,3090.351395
-49.402441,50,3092.095663
-41.841033,50,3093.848314
-34.112285,50,3095.578949
-60.879766,50,3097.312514
-57.5268,50,3099.040901
-58.941602,50,3102.563178
-101.603971,50,3104.298365
-26.444492,50,3106.015249
-51.983859,50,3107.759222
-41.990082,50,3109.49992
-68.217379,50,3111.234904
-45.683323,50,3112.955761
-60.827647,50,3114.704458
-37.233865,50,3116.441601
-52.638013,50,3118.196124
-42.538599,50,3119.935537
-43.413499,50,3121.667477
-61.245751,50,3123.408316
-74.584802,50,3125.138817
-51.061728,50,3126.886368
-44.213904,50,3128.621542
-50.842351,50,3130.364037
-86.199461,50,3132.103396
-54.504646,50,3133.84814
-47.01932,50,3135.593741
-102.386696,50,3139.160827
-44.601763,50,3140.900515
-67.426627,50,3142.643625
-46.517267,50,3144.369992
-64.86776,50,3146.108342
-43.557784,50,3147.856847
-64.941655,50,3149.654007
-75.16537,50,3151.423066
-60.767099,50,3153.154765
-83.209451,50,3154.902114
-68.185555,50,3156.656718
-72.060241,50,3158.42146
-49.756475,50,3160.170189
-68.446443,50,3161.913011
-111.569745,50,3163.644383
-46.42896,50,3165.407472
-88.967868,50,3167.161712
-43.464589,50,3168.903647
-44.057675,50,3170.649919
-38.623561,50,3172.410312
-38.734325,50,3175.903087
-38.364392,50,3177.643824
-105.067513,50,3179.401693
-52.10299,50,3181.152049
-59.889271,50,3182.869723
-91.746126,50,3184.622452
-96.883215,50,3186.385157
-61.313218,50,3188.120775
-32.980788,50,3189.86147
-87.864691,50,3191.617603
-70.482256,50,3193.350235
-49.36445,50,3195.110862
-49.599103,50,3196.85396
-51.647572,50,3198.60694
-44.205814,50,3200.362426
-106.455728,50,3202.098409
-43.713239,50,3203.839117
-39.919553,50,3205.596097
-98.490437,50,3207.326506
-78.469015,50,3209.097052
-71.049503,50,3212.657742
-46.19693,50,3214.389148
-61.432341,50,3216.109818
-62.070697,50,3217.848553
-50.409942,50,3219.570859
-77.709912,50,3221.309713
-53.803507,50,3223.025579
-82.516618,50,3224.751731
-69.646047,50,3226.500695
-45.853048,50,3228.222985
-63.975076,50,3229.965268
-46.550831,50,3231.692831
-53.854205,50,3233.431256
-92.862134,50,3235.17003
-59.156871,50,3236.91927
-111.274613,50,3238.657683
-40.604354,50,3240.408921
-96.412851,50,3242.126974
-112.675567,50,3243.883638
-31.003969,50,3245.641311
-99.240576,50,3249.159965
-36.984254,50,3250.90875
-45.277199,50,3252.65192
-71.150794,50,3254.394047
-67.501898,50,3256.138381
-88.392354,50,3257.890056
-39.323091,50,3259.630688
-41.578752,50,3261.384444
-37.007967,50,3263.13219
-56.439459,50,3264.886512
-48.061493,50,3266.625336
-59.066757,50,3268.395647
-81.452956,50,3270.14856
-77.375031,50,3271.920632
-55.0685,50,3273.670721
-63.100705,50,3275.435951
-52.966161,50,3277.2064
-64.284219,50,3278.97869
-87.78306,50,3280.72044
-34.303122,50,3282.478896
-40.180875,50,3286.02158
-70.031982,50,3287.771553
-45.335634,50,3289.520226
-87.483576,50,3291.261023
-46.104521,50,3293.035753
-50.399419,50,3294.780935
-63.233712,50,3296.554124
-59.252087,50,3298.292492
-116.920483,50,3300.057333
-33.496722,50,3301.794621
-45.104141,50,3303.548975
-38.422494,50,3305.307596
-68.417055,50,3307.053604
-48.835105,50,3308.810019
-51.441833,50,3310.581713
-36.081087,50,3312.334252
-73.85455,50,3314.081922
-101.741695,50,3315.839918
-61.431742,50,3317.582643
-83.275581,50,3319.32372
-36.549009,50,3322.884508
-88.328177,50,3324.643327
-108.576718,50,3326.388797
-77.142985,50,3328.148947
-46.484751,50,3329.907464
-55.610957,50,3331.678515
-55.813989,50,3333.425109
-48.486491,50,3335.190825
-42.130152,50,3336.949179
-64.774756,50,3338.696518
-70.281137,50,3340.457688
-38.888722,50,3342.218584
-33.374881,50,3343.96101
-67.59445,50,3345.711225
-48.789834,50,3347.473753
-44.542334,50,3349.222412
-57.509667,50,3350.984912
-66.232463,50,3352.725764
-48.465909,50,3354.488069
-73.991425,50,3356.234447
-108.993236,50,3359.773111
-98.921198,50,3361.507527
-48.44897,50,3363.253799
-30.257002,50,3365.018487
-86.69129,50,3366.783709
-48.19705,50,3368.539127
-54.496745,50,3370.286689
-59.976904,50,3372.039656
-102.396055,50,3373.82168
-45.628584,50,3375.571359
-37.047684,50,3377.311943
-99.727298,50,3379.067494
-34.60623,50,3380.817345
-65.985491,50,3382.585711
-113.728256,50,3384.323992
-68.747359,50,3386.078356
-92.015027,50,3387.816235
-50.566078,50,3389.614921
-48.309418,50,3391.382077
-50.714166,50,3393.135142
-101.311793,50,3396.664658
-45.56613,50,3398.440323
-103.866729,50,3400.174463
-96.559114,50,3401.939238
-36.919562,50,3403.703048
-68.999922,50,3405.470762
-43.311013,50,3407.233387
-61.663588,50,3408.98775
-57.324183,50,3410.737728
-59.75672,50,3412.491171
-75.789365,50,3414.241633
-47.959053,50,3415.996423
-47.45166,50,3417.741215
-44.855212,50,3419.510105
-100.918347,50,3421.273944
-50.461847,50,3423.032878
-67.020722,50,3424.78052
-47.470316,50,3426.531429
-37.430866,50,3428.305292
-68.309474,50,3430.038049
-86.039278,50,3433.567323
-92.507111,50,3435.335406
-44.819405,50,3437.099013
-37.49586,50,3438.866334
-104.349128,50,3440.601595
-114.046757,50,3442.36128
-41.299859,50,3444.116908
-60.952895,50,3445.872355
-101.724189,50,3447.624789
-59.002746,50,3449.39625
-108.46453,50,3451.176848
-42.454335,50,3452.948201
-77.398127,50,3454.712919
-31.016237,50,3456.485531
-57.235772,50,3458.27424
-48.161377,50,3460.074515
-30.572953,50,3461.910555
-31.439633,50,3463.697641
-42.12282,50,3465.451195
-38.373313,50,3467.216208
-42.774065,50,3470.773962
-85.873158,50,3472.56771
-70.001912,50,3474.362257
-32.778132,50,3476.157766
-40.677649,50,3477.953495
-48.475618,50,3479.746852
-88.499756,50,3481.551843
-80.23461,50,3483.334704
-40.986098,50,3485.118195
-38.733143,50,3486.925468
-72.461864,50,3488.717407
-68.064935,50,3490.524629
-91.481574,50,3492.322841
-27.901227,50,3494.119857
-37.857931,50,3495.933656
-33.407772,50,3497.709163
-65.897967,50,3499.515558
-46.18495,50,3501.31817
-88.997828,50,3503.123428
-45.100599,50,3504.914731
-112.418382,50,3508.553637
-47.833058,50,3510.396079
-84.664962,50,3512.226662
-86.777653,50,3514.026612
-74.056797,50,3515.826497
-79.273326,50,3517.641085
-63.354748,50,3519.464764
-62.204051,50,3521.25912
-56.969227,50,3523.066563
-59.412538,50,3524.863375
-37.489257,50,3526.675496
-40.514478,50,3528.477809
-105.018203,50,3530.275574
-29.723338,50,3532.078471
-108.470934,50,3533.90299
-116.680757,50,3535.687074
-38.560151,50,3537.493855
-87.149244,50,3539.282856
-75.255128,50,3541.090006
-76.27834,50,3542.882592
-63.34796,50,3546.489349
-58.753501,50,3548.280936
-52.81291,50,3550.098606
-41.083903,50,3551.889886
-66.670197,50,3553.672607
-67.272744,50,3555.478629
-37.895192,50,3557.290741
-109.627602,50,3559.090099
-53.15321,50,3560.893018
-101.373856,50,3562.68583
-52.687218,50,3564.492918
-57.900806,50,3566.312686
-67.211435,50,3568.128125
-36.378376,50,3569.953617
-49.885501,50,3571.76529
-50.474502,50,3573.549238
-36.431988,50,3575.354638
-32.92491,50,3577.173188
-33.656825,50,3578.979047
-41.854293,50,3580.788995
-62.072915,50,3584.433765
-39.820807,50,3586.245437
-47.699033,50,3588.057245
-70.287537,50,3589.859656
-44.797557,50,3591.669154
-36.175003,50,3593.463561
-44.051789,50,3595.260386
-33.083137,50,3597.07258
-64.160415,50,3598.869336
-61.445215,50,3600.662009
-53.798183,50,3602.481129
-55.87979,50,3604.280953
-38.680847,50,3606.072016
-37.21858,50,3607.874373
-60.69264,50,3609.687924
-54.143839,50,3611.473422
-54.790504,50,3613.315148
-58.43464,50,3615.115114
-49.034987,50,3616.921037
-35.02459,50,3618.725682
