# {"t_start": 1652719613.9721453, "env_id": "CheolFingersLiquid-v1"} 
r,l,t
-50.056198,50,35.656462
-50.052544,50,35.80046
-73.449667,50,35.976457
-50.061026,50,36.136456
-50.055277,50,36.296455
-50.068655,50,36.467593
-50.080654,50,36.636915
-50.05247,50,36.804914
-72.776284,50,36.972911
-54.041169,50,37.14091
-50.060743,50,71.08843
-50.039864,50,71.260262
-50.055228,50,71.434653
-50.09106,50,71.590863
-50.04419,50,71.762696
-50.067519,50,71.950151
-50.075838,50,72.121984
-50.040851,50,72.293816
-50.056382,50,72.465647
-50.0378,50,72.606237
-50.033906,50,106.283397
-50.051934,50,106.464382
-50.04049,50,106.636215
-50.041291,50,106.808047
-50.046155,50,106.97988
-50.054416,50,107.151712
-50.03879,50,107.323545
-50.051397,50,107.512359
-50.057801,50,107.684191
-50.04674,50,107.824779
-50.060399,50,141.56629
-50.048959,50,141.738125
-50.051004,50,141.92558
-50.0527,50,142.08179
-50.055796,50,142.253623
-50.032661,50,142.425456
-50.046316,50,142.597288
-50.055466,50,142.769121
-50.038161,50,142.942298
-50.041938,50,143.098509
-50.04041,50,177.030262
-50.039269,50,177.217715
-50.023713,50,177.389547
-50.035964,50,177.56138
-50.046751,50,177.748834
-50.026465,50,177.920666
-50.045811,50,178.092499
-50.038949,50,178.279953
-50.053146,50,178.437459
-50.017843,50,178.578048
-50.05899,50,212.632102
-50.031716,50,212.803934
-50.040861,50,212.975766
-50.034393,50,213.16322
-50.051718,50,213.335053
-50.050204,50,213.522506
-50.029755,50,213.678718
-50.03166,50,213.85055
-50.039262,50,214.023715
-50.042128,50,214.164307
-50.062184,50,248.152546
-50.042417,50,248.324379
-50.034834,50,248.496211
-50.040098,50,248.668045
-50.022467,50,248.839877
-50.039058,50,249.011709
-50.041189,50,249.184906
-50.045114,50,249.341118
-50.031968,50,249.51295
-50.04162,50,249.65354
-50.038331,50,283.830934
-50.03561,50,283.988483
-50.037121,50,284.160314
-50.025875,50,284.332147
-50.035491,50,284.488359
-50.035647,50,284.660192
-50.067981,50,284.832024
-50.038408,50,285.003856
-50.025183,50,285.19131
-50.042789,50,285.3319
-50.043178,50,319.626146
-50.03549,50,319.802172
-50.032682,50,319.974005
-126.950299,50,320.178521
-50.036004,50,320.350357
-50.036096,50,320.522189
-50.023145,50,320.694022
-50.027272,50,320.865854
-50.037374,50,321.037687
-50.025898,50,321.193899
-50.02507,50,355.418973
-50.043845,50,355.590807
-50.031144,50,355.779559
-50.02642,50,355.93577
-50.027669,50,356.107603
-50.026568,50,356.295058
-50.041618,50,356.473638
-50.032581,50,356.6476
-50.029273,50,356.806866
-50.043931,50,356.963079
-50.024186,50,391.403844
-50.02836,50,391.575678
-50.038069,50,391.74751
-50.026275,50,391.919343
-50.043828,50,392.106795
-50.023475,50,392.278629
-50.031818,50,392.450462
-50.035373,50,392.622294
-50.047597,50,392.794126
-50.042998,50,392.934717
-50.039805,50,427.342116
-50.031485,50,427.513948
-50.033448,50,427.68578
-50.042765,50,427.857613
-50.023734,50,428.029445
-50.023743,50,428.185657
-50.024267,50,428.357489
-50.046402,50,428.5137
-50.040729,50,428.685533
-50.027686,50,428.841746
-50.027903,50,463.341382
-50.05536,50,463.528836
-50.03118,50,463.700668
-50.049322,50,463.85688
-50.220112,50,464.030069
-50.037678,50,464.2019
-50.04932,50,464.373733
-61.005815,50,464.546955
-53.269128,50,464.734409
-50.02212,50,464.874998
-50.029383,50,499.452858
-50.030974,50,499.609071
-50.035391,50,499.780902
-50.021221,50,499.952735
-50.023514,50,500.126013
-50.020224,50,500.297846
-50.025536,50,500.456492
-50.030137,50,500.628324
-50.047195,50,500.784536
-50.041472,50,500.956369
-50.024163,50,535.738121
-50.032014,50,535.909955
-50.020043,50,536.081786
-50.024398,50,536.26924
-50.018865,50,536.441072
-50.029534,50,536.612906
-50.022014,50,536.784739
-50.022497,50,536.959003
-50.022426,50,537.115214
-50.025967,50,537.255806
-50.005935,50,572.095964
-50.008167,50,572.267796
-50.032773,50,572.439629
-50.006943,50,572.611462
-50.088181,50,572.783293
-67.637724,50,572.955127
-50.005869,50,573.124275
-50.023376,50,573.296108
-50.069109,50,573.46794
-66.520232,50,573.639772
-129.442526,50,608.454512
-50.032199,50,608.626346
-50.034756,50,608.798177
-50.016409,50,608.97001
-50.295602,50,609.141844
-50.050095,50,609.313676
-50.03075,50,609.485508
-50.04552,50,609.657341
-50.052683,50,609.813552
-50.013578,50,609.954142
-50.035567,50,644.956051
-57.738523,50,645.127882
-50.02629,50,645.301085
-50.028084,50,645.472921
-50.025521,50,645.644753
-50.026938,50,645.816586
-50.009834,50,645.988418
-50.011763,50,646.175873
-50.026353,50,646.332085
-50.025593,50,646.488297
-54.949197,50,681.438305
-50.024646,50,681.594516
-56.918976,50,681.750727
-50.014079,50,681.906939
-50.053189,50,682.063151
-50.014722,50,682.219362
-51.965065,50,682.391195
-60.851897,50,682.547405
-76.218521,50,682.719238
-86.431985,50,682.89236
-50.023042,50,717.829726
-75.415402,50,718.017179
-166.851575,50,718.220254
-52.478895,50,718.407707
-91.508146,50,718.595162
-74.064199,50,718.782615
-113.857132,50,718.970069
-64.032346,50,719.141902
-123.316728,50,719.329355
-50.03694,50,719.454324
-50.110234,50,754.627889
-50.093605,50,754.779887
-50.016384,50,754.947886
-52.49917,50,755.147884
-50.098771,50,755.315881
-50.119579,50,755.483879
-50.016783,50,755.637235
-94.633982,50,755.821232
-156.65192,50,756.01323
-50.089772,50,756.157228
-82.273844,50,791.125194
-94.851406,50,791.293192
-115.781488,50,791.49319
-50.031406,50,791.637188
-58.511518,50,791.821185
-50.304943,50,791.982496
-50.091065,50,792.130618
-60.617144,50,792.306615
-66.14743,50,792.482613
-78.600357,50,792.634611
-52.223262,50,827.384302
-50.11282,50,827.552299
-50.148174,50,827.744297
-50.08365,50,827.912296
-50.120222,50,828.080293
-50.071855,50,828.256291
-50.072972,50,828.440289
-50.20109,50,828.608288
-50.159007,50,828.784285
-50.182261,50,828.920283
-51.2307,50,863.819001
-50.120125,50,863.970999
-50.06847,50,864.138997
-50.06761,50,864.308479
-84.461543,50,864.476477
-50.302094,50,864.668476
-50.052082,50,864.836474
-50.155177,50,865.004471
-50.057916,50,865.18847
-50.096985,50,865.340469
-50.067628,50,899.890903
-54.221866,50,900.074901
-50.173822,50,900.250899
-50.218105,50,900.426897
-50.124336,50,900.602895
-50.069394,50,900.778893
-50.149535,50,900.964223
-50.047252,50,901.141501
-50.291774,50,901.3095
-50.109725,50,901.445499
-166.859196,50,936.389345
-50.145364,50,936.557343
-50.074813,50,936.733341
-53.324719,50,936.901338
-50.058229,50,937.061336
-50.074264,50,937.213335
-50.106155,50,937.389333
-50.966046,50,937.54133
-57.284492,50,937.725329
-50.113888,50,937.885326
-50.14771,50,972.966743
-53.768581,50,973.14274
-50.789003,50,973.320029
-95.519523,50,973.504027
-50.141571,50,973.672024
-50.034676,50,973.840022
-50.192835,50,974.01744
-89.776147,50,974.201438
-50.203021,50,974.377434
-50.141457,50,974.553534
-50.068193,50,1009.298401
-50.161979,50,1009.474399
-50.095104,50,1009.642397
-51.195565,50,1009.810395
-50.150817,50,1010.002393
-57.616478,50,1010.17171
-50.048601,50,1010.331708
-50.148661,50,1010.491706
-50.04785,50,1010.667706
-50.089954,50,1010.811702
-50.141233,50,1045.778409
-50.031339,50,1045.938408
-50.036374,50,1046.114405
-51.383547,50,1046.290404
-50.33872,50,1046.474401
-50.125609,50,1046.651792
-50.077859,50,1046.811792
-50.025521,50,1046.981071
-58.173887,50,1047.15707
-50.158212,50,1047.310202
-50.114209,50,1082.16853
-50.108359,50,1082.352528
-50.154443,50,1082.528527
-50.138273,50,1082.688524
-50.126912,50,1082.864523
-69.255987,50,1083.03252
-50.153818,50,1083.208519
-50.052643,50,1083.385809
-50.10891,50,1083.545806
-50.191281,50,1083.69121
-51.632312,50,1118.565926
-50.113782,50,1118.733923
-50.137648,50,1118.903346
-50.139216,50,1119.071344
-50.109376,50,1119.239342
-50.024549,50,1119.399341
-50.067447,50,1119.567339
-50.029967,50,1119.735337
-50.107155,50,1119.919334
-50.109989,50,1120.071333
-50.095575,50,1155.040519
-50.124445,50,1155.208518
-50.176626,50,1155.384515
-50.115035,50,1155.552514
-59.002472,50,1155.752511
-50.271751,50,1155.92051
-50.190955,50,1156.096506
-50.224868,50,1156.280505
-50.400648,50,1156.440503
-50.15422,50,1156.584501
-50.150728,50,1191.576861
-50.105163,50,1191.736859
-50.166141,50,1191.896858
-50.142359,50,1192.064855
-50.177739,50,1192.240593
-50.110286,50,1192.41576
-50.096365,50,1192.585109
-50.114615,50,1192.762403
-55.477023,50,1192.9624
-50.122475,50,1193.106397
-50.108147,50,1228.199887
-50.07564,50,1228.383885
-50.146937,50,1228.559883
-50.146576,50,1228.727881
-50.089544,50,1228.903879
-50.145113,50,1229.079877
-50.161792,50,1229.255875
-50.088432,50,1229.439873
-50.110411,50,1229.607871
-50.1076,50,1229.751869
-50.092347,50,1264.703184
-50.141849,50,1264.87918
-50.101475,50,1265.039178
-50.153355,50,1265.215177
-50.095512,50,1265.383175
-50.132411,50,1265.559172
-50.107838,50,1265.727171
-50.11388,50,1265.895169
-50.06401,50,1266.055167
-50.116846,50,1266.199165
-50.047495,50,1301.302845
-50.093927,50,1301.470843
-50.166689,50,1301.64684
-50.093797,50,1301.806839
-50.147404,50,1301.982837
-50.129916,50,1302.158835
-50.142358,50,1302.334833
-50.156055,50,1302.520086
-50.092434,50,1302.696083
-50.121346,50,1302.841487
-50.09351,50,1337.796166
-50.110962,50,1337.973557
-50.098822,50,1338.141555
-50.07894,50,1338.309552
-50.15301,50,1338.477551
-50.118711,50,1338.646929
-50.100893,50,1338.814928
-50.069448,50,1338.990925
-50.092994,50,1339.158923
-50.081395,50,1339.326921
-50.085022,50,1374.551526
-50.079476,50,1374.738981
-50.113141,50,1374.910813
-50.09498,50,1375.098267
-50.097356,50,1375.270101
-50.096535,50,1375.458847
-50.068263,50,1375.61506
-50.067918,50,1375.786892
-50.069829,50,1375.958724
-50.094933,50,1376.099315
-50.070263,50,1410.913899
-50.06821,50,1411.089854
-50.102233,50,1411.261687
-50.090735,50,1411.433521
-50.16031,50,1411.605352
-66.728651,50,1411.824049
-50.068797,50,1411.980261
-50.061831,50,1412.152094
-50.059193,50,1412.325281
-50.068751,50,1412.465871
-79.405481,50,1447.39473
-50.067723,50,1447.566563
-48.590855,50,1447.738396
-108.729154,50,1447.92585
-50.063874,50,1448.083435
-73.369474,50,1448.255268
-50.540124,50,1448.4271
-50.049906,50,1448.598933
-52.877707,50,1448.770767
-50.045441,50,1448.911355
-50.0492,50,1483.689234
-50.070022,50,1483.861067
-53.544148,50,1484.03428
-50.065249,50,1484.190491
-50.049864,50,1484.346703
-50.098446,50,1484.520394
-50.086984,50,1484.707848
-50.084065,50,1484.864059
-54.782154,50,1485.035892
-50.061762,50,1485.192106
-50.079801,50,1520.024805
-74.434609,50,1520.196637
-50.269936,50,1520.36847
-50.792275,50,1520.540303
-50.138885,50,1520.743379
-50.081601,50,1520.91521
-50.071827,50,1521.078449
-50.574065,50,1521.250282
-50.082044,50,1521.406493
-50.104636,50,1521.562706
-62.035612,50,1556.726899
-50.545221,50,1556.898731
-71.808845,50,1557.070565
-50.072286,50,1557.242397
-50.072461,50,1557.414229
-50.819595,50,1557.601684
-54.809559,50,1557.789137
-50.633285,50,1557.960971
-50.078013,50,1558.132803
-50.271314,50,1558.289015
-51.974347,50,1593.664666
-206.886251,50,1593.852121
-57.997502,50,1594.023952
-52.272936,50,1594.180165
-53.017692,50,1594.367618
-76.118516,50,1594.539451
-53.947286,50,1594.695662
-50.0887,50,1594.851874
-55.072462,50,1595.023706
-54.590713,50,1595.179918
-110.084167,50,1630.52486
-52.139891,50,1630.696692
-53.783995,50,1630.868526
-208.893198,50,1631.034076
-77.715002,50,1631.230834
-53.349096,50,1631.402666
-60.277135,50,1631.574498
-53.084709,50,1631.746331
-54.10682,50,1631.918164
-53.931389,50,1632.075768
-54.157872,50,1667.422693
-153.229542,50,1667.610145
-51.464268,50,1667.7976
-55.119572,50,1667.96295
-50.110453,50,1668.134783
-50.471317,50,1668.322237
-57.852094,50,1668.509691
-90.440365,50,1668.682883
-50.110417,50,1668.839095
-70.643686,50,1669.010927
-52.08921,50,1704.307407
-56.773413,50,1704.479239
-57.840006,50,1704.666693
-50.060865,50,1704.838528
-99.039827,50,1705.027265
-50.062927,50,1705.199098
-50.771519,50,1705.370816
-54.173039,50,1705.527029
-56.263086,50,1705.69886
-114.122273,50,1705.870695
-50.704992,50,1740.97572
-76.12847,50,1741.163174
-50.095253,50,1741.335007
-50.107595,50,1741.475596
-51.295728,50,1741.663051
-119.197745,50,1741.850505
-56.339794,50,1742.022338
-55.546416,50,1742.209791
-72.834888,50,1742.397245
-50.068895,50,1742.537837
-50.609708,50,1777.77839
-55.174791,50,1777.965844
-50.422346,50,1778.137678
-50.826026,50,1778.325131
-58.539101,50,1778.512584
-50.621205,50,1778.700039
-234.326528,50,1778.873434
-83.557165,50,1779.060887
-50.075662,50,1779.217098
-60.083876,50,1779.37331
-60.189732,50,1814.560144
-50.189824,50,1814.716355
-50.094792,50,1814.872568
-154.575031,50,1815.044399
-61.009361,50,1815.231854
-110.35676,50,1815.405406
-50.096404,50,1815.561617
-53.483444,50,1815.73345
-52.676879,50,1815.936526
-53.267234,50,1816.108358
-55.241191,50,1851.449074
-50.387912,50,1851.620907
-50.635295,50,1851.792739
-51.016447,50,1851.94895
-54.511113,50,1852.122896
-53.547892,50,1852.294729
-54.387773,50,1852.482183
-50.421698,50,1852.654016
-57.665333,50,1852.825849
-165.184893,50,1852.982061
-52.414183,50,1888.368364
-54.534064,50,1888.540197
-50.082708,50,1888.696409
-101.88409,50,1888.883862
-50.678266,50,1889.055696
-68.547616,50,1889.228938
-54.619627,50,1889.416392
-50.808939,50,1889.603847
-220.512811,50,1889.791299
-50.111179,50,1889.947511
-54.186198,50,1925.162967
-50.088758,50,1925.319179
-72.123864,50,1925.491012
-51.028794,50,1925.662846
-61.300928,50,1925.834678
-56.900246,50,1926.006511
-42.167368,50,1926.162722
-51.272767,50,1926.318935
-50.089776,50,1926.459525
-173.83512,50,1926.631357
-131.738791,50,1961.560993
-50.105454,50,1961.717203
-50.238638,50,1961.889037
-53.585617,50,1962.076492
-56.303738,50,1962.248324
-59.636455,50,1962.451398
-50.062312,50,1962.60761
-51.594268,50,1962.779443
-50.101834,50,1962.935655
-50.625738,50,1963.098988
-50.092706,50,1998.358291
-58.849713,50,1998.545746
-50.057103,50,1998.686336
-58.951996,50,1998.87379
-50.065526,50,1999.030001
-68.036417,50,1999.212343
-50.060734,50,1999.36997
-68.346021,50,1999.541802
-50.060944,50,1999.698014
-50.047185,50,1999.854227
-54.74414,50,2035.134614
-50.537997,50,2035.306446
-54.961364,50,2035.509522
-53.759486,50,2035.696976
-52.552778,50,2035.868809
-60.123483,50,2036.071885
-68.239017,50,2036.259338
-50.898831,50,2036.446791
-50.096336,50,2036.603005
-62.906901,50,2036.743595
-50.059025,50,2072.111533
-61.802515,50,2072.283365
-50.046119,50,2072.439578
-50.086733,50,2072.611411
-51.331561,50,2072.783244
-50.2869,50,2072.939456
-59.709584,50,2073.126909
-91.744857,50,2073.314363
-51.16369,50,2073.501817
-87.098548,50,2073.673652
-50.081975,50,2108.976191
-50.064348,50,2109.148023
-50.476078,50,2109.335477
-52.183439,50,2109.50731
-50.065932,50,2109.663522
-50.091298,50,2109.835355
-50.06885,50,2110.007187
-50.095741,50,2110.164776
-50.058129,50,2110.336609
-51.359069,50,2110.494191
-51.243142,50,2145.750528
-50.075293,50,2145.922361
-56.263109,50,2146.115493
-50.330809,50,2146.287325
-50.125345,50,2146.459158
-50.050047,50,2146.630991
-73.414392,50,2146.818445
-50.492738,50,2146.990277
-50.102744,50,2147.16211
-50.480208,50,2147.302702
-62.888529,50,2182.897178
-360.560539,50,2183.084632
-80.083887,50,2183.273466
-67.426538,50,2183.429678
-58.520027,50,2183.60151
-177.750796,50,2183.788965
-75.054173,50,2183.977808
-302.028041,50,2184.165262
-176.911021,50,2184.338372
-139.612368,50,2184.510204
-50.092782,50,2219.932486
-50.110376,50,2220.104319
-92.6326,50,2220.307395
-50.104296,50,2220.479228
-50.122537,50,2220.65106
-50.145028,50,2220.808691
-50.076288,50,2220.980523
-50.190781,50,2221.152355
-50.099473,50,2221.308568
-50.07454,50,2221.46478
-195.397293,50,2256.889093
-77.136042,50,2257.060926
-155.219568,50,2257.232759
-140.298016,50,2257.420213
-50.075458,50,2257.576425
-55.844221,50,2257.732636
-107.044355,50,2257.92009
-159.054457,50,2258.091923
-50.021278,50,2258.263756
-159.32187,50,2258.435591
-50.500642,50,2293.453043
-50.135855,50,2293.624875
-50.022696,50,2293.796708
-59.723391,50,2293.969922
-81.717322,50,2294.157375
-98.992066,50,2294.34483
-50.231704,50,2294.516662
-50.206172,50,2294.688495
-64.545158,50,2294.87595
-50.126616,50,2295.00092
-55.248679,50,2330.091681
-54.851235,50,2330.279135
-79.668884,50,2330.466589
-54.93863,50,2330.638422
-50.222168,50,2330.810256
-50.01917,50,2330.982088
-68.29896,50,2331.170953
-50.15421,50,2331.342785
-50.128874,50,2331.498997
-57.079769,50,2331.655209
-64.700285,50,2366.954174
-52.441935,50,2367.141628
-53.620838,50,2367.329082
-96.9002,50,2367.485294
-54.500381,50,2367.657127
-50.12554,50,2367.808355
-50.087616,50,2367.964567
-50.122714,50,2368.122125
-50.142763,50,2368.293958
-61.780071,50,2368.434549
-50.092392,50,2403.769495
-56.083713,50,2403.95695
-52.925096,50,2404.128782
-78.155985,50,2404.316237
-50.093425,50,2404.48807
-50.011495,50,2404.659903
-107.113525,50,2404.848696
-50.088941,50,2405.020529
-52.457139,50,2405.192362
-53.425877,50,2405.348573
-54.665485,50,2440.782482
-50.099872,50,2440.954316
-50.877022,50,2441.126148
-50.148489,50,2441.282359
-80.55354,50,2441.469814
-50.04756,50,2441.641647
-50.05271,50,2441.813479
-50.049444,50,2441.971095
-50.009083,50,2442.127308
-50.10289,50,2442.267898
-50.004132,50,2477.635603
-50.109422,50,2477.823056
-50.008051,50,2477.994889
-50.035311,50,2478.166721
-51.324685,50,2478.338555
-50.124751,50,2478.511749
-50.07168,50,2478.685729
-50.539014,50,2478.873183
-52.995589,50,2479.060636
-54.524296,50,2479.194622
-50.061962,50,2514.640465
-238.397847,50,2514.843539
-50.497395,50,2515.015373
-73.451148,50,2515.188635
-191.099247,50,2515.376089
-172.992383,50,2515.563542
-50.045058,50,2515.719755
-162.363967,50,2515.907208
-83.330095,50,2516.096528
-51.623822,50,2516.237118
-50.033066,50,2551.634778
-50.310274,50,2551.806611
-54.805393,50,2551.978444
-64.271337,50,2552.151654
-52.151786,50,2552.323488
-50.060882,50,2552.479699
-50.044732,50,2552.635911
-53.031144,50,2552.823365
-50.044274,50,2552.979577
-55.643858,50,2553.13579
-92.084232,50,2588.559749
-58.970615,50,2588.762825
-79.855967,50,2588.950279
-50.016613,50,2589.10649
-50.040541,50,2589.274062
-50.023263,50,2589.445895
-62.179162,50,2589.617728
-51.78075,50,2589.805182
-114.482052,50,2590.009621
-105.262658,50,2590.15021
-341.242526,50,2625.301534
-92.10472,50,2625.504609
-79.979377,50,2625.692063
-310.386179,50,2625.863896
-323.878542,50,2626.05135
-85.620064,50,2626.223183
-76.979168,50,2626.385245
-189.762266,50,2626.557077
-214.204283,50,2626.744532
-109.902722,50,2626.902337
-55.704644,50,2661.966693
-292.780843,50,2662.154148
-107.037748,50,2662.341602
-58.917972,50,2662.53039
-402.084798,50,2662.717844
-94.651055,50,2662.905298
-126.94925,50,2663.109684
-154.17129,50,2663.312759
-305.633572,50,2663.500213
-76.60179,50,2663.672047
-60.318948,50,2698.997881
-56.676316,50,2699.168419
-54.23855,50,2699.340252
-52.079261,50,2699.512086
-53.354946,50,2699.683917
-58.453198,50,2699.855752
-50.377164,50,2700.043206
-50.216392,50,2700.199418
-52.731607,50,2700.371249
-62.298965,50,2700.527462
-50.04615,50,2735.934928
-51.736486,50,2736.138003
-96.063166,50,2736.325457
-50.056381,50,2736.49729
-52.421751,50,2736.653502
-50.05267,50,2736.840957
-50.048333,50,2736.997169
-73.904167,50,2737.200243
-50.052967,50,2737.356454
-50.048354,50,2737.497045
-50.049723,50,2773.09767
-50.073492,50,2773.253881
-119.944622,50,2773.441335
-120.006771,50,2773.613168
-50.049039,50,2773.769381
-50.037767,50,2773.926925
-50.043652,50,2774.083137
-50.046292,50,2774.256272
-98.569105,50,2774.443726
-50.198151,50,2774.584316
-59.844448,50,2810.313467
-334.338964,50,2810.500922
-50.050244,50,2810.672754
-292.514558,50,2810.860209
-50.052532,50,2811.032041
-67.181577,50,2811.219495
-50.058866,50,2811.375706
-50.043196,50,2811.531919
-50.043812,50,2811.688132
-60.142784,50,2811.875584
-85.341892,50,2847.433681
-50.087749,50,2847.589893
-54.791739,50,2847.761725
-301.358624,50,2847.950459
-50.057501,50,2848.106671
-62.609218,50,2848.294125
-50.051417,50,2848.465958
-50.101839,50,2848.62217
-64.75635,50,2848.825246
-176.361522,50,2848.981458
-50.085354,50,2884.433484
-50.065418,50,2884.605318
-50.095061,50,2884.778458
-50.074324,50,2884.950291
-90.090571,50,2885.137746
-50.169312,50,2885.293958
-50.128263,50,2885.450169
-50.082432,50,2885.622001
-50.085155,50,2885.778214
-50.083156,50,2885.934425
-50.09629,50,2921.370833
-50.06243,50,2921.543915
-50.138056,50,2921.715748
-50.054393,50,2921.903203
-50.047365,50,2922.075036
-50.289363,50,2922.262489
-50.065686,50,2922.434323
-50.04342,50,2922.606155
-50.041922,50,2922.777989
-50.064769,50,2922.90424
-50.041653,50,2958.135342
-50.085598,50,2958.308503
-50.084351,50,2958.495956
-50.06113,50,2958.652169
-50.132086,50,2958.824003
-50.108045,50,2959.011455
-50.073795,50,2959.170708
-50.118811,50,2959.342541
-50.060219,50,2959.498754
-50.090881,50,2959.656331
-50.139152,50,2994.986732
-50.068988,50,2995.159926
-50.105247,50,2995.331759
-50.060878,50,2995.503592
-50.066666,50,2995.675426
-50.099591,50,2995.831637
-50.052986,50,2996.010134
-50.09087,50,2996.166345
-50.052833,50,2996.338177
-50.147348,50,2996.495681
-50.046598,50,3031.829629
-50.058661,50,3032.017083
-50.059666,50,3032.173295
-50.037658,50,3032.360749
-50.063781,50,3032.532582
-50.06056,50,3032.720038
-50.066883,50,3032.89187
-50.08349,50,3033.063703
-50.061719,50,3033.219914
-50.061355,50,3033.360505
-50.048765,50,3068.559028
-50.057199,50,3068.732184
-50.029736,50,3068.91964
-50.061812,50,3069.091472
-50.08812,50,3069.263306
-50.04167,50,3069.435138
-50.050109,50,3069.622593
-50.042315,50,3069.795908
-50.045156,50,3069.952122
-50.054907,50,3070.108333
-50.058145,50,3105.429392
-50.040821,50,3105.602722
-50.059156,50,3105.774555
-50.067581,50,3105.952334
-50.044141,50,3106.124168
-50.034223,50,3106.296
-50.085689,50,3106.467834
-50.045613,50,3106.639666
-50.042946,50,3106.80086
-50.038817,50,3106.941455
-50.076668,50,3142.204339
-50.054141,50,3142.361875
-50.050068,50,3142.533708
-50.042639,50,3142.705541
-50.058458,50,3142.892995
-50.037135,50,3143.08045
-50.039415,50,3143.252282
-50.074044,50,3143.424115
-50.093727,50,3143.595948
-50.03949,50,3143.738009
-50.056728,50,3179.113501
-50.064917,50,3179.285334
-50.056566,50,3179.463325
-50.043531,50,3179.635159
-50.051769,50,3179.791372
-50.05012,50,3179.963203
-50.043862,50,3180.121029
-50.060775,50,3180.292861
-50.047699,50,3180.4504
-50.049768,50,3180.606612
-50.047843,50,3216.018167
-50.037696,50,3216.19
-50.052019,50,3216.361833
-50.045291,50,3216.533665
-50.048491,50,3216.721121
-50.038982,50,3216.892954
-50.050446,50,3217.064786
-50.059896,50,3217.25224
-50.039942,50,3217.425698
-50.04267,50,3217.550667
-50.050142,50,3252.90677
-50.044061,50,3253.078602
-50.044034,50,3253.250435
-50.037141,50,3253.422268
-50.046786,50,3253.594102
-50.078169,50,3253.765934
-50.050005,50,3253.922147
-50.054843,50,3254.1096
-50.048545,50,3254.281433
-50.044181,50,3254.422026
-50.055273,50,3289.963464
-50.047074,50,3290.135297
-50.051414,50,3290.308471
-50.059185,50,3290.480304
-50.044378,50,3290.652137
-50.05975,50,3290.82397
-50.067824,50,3290.997113
-50.067015,50,3291.168945
-50.045672,50,3291.34078
-50.053072,50,3291.481369
-50.049691,50,3327.115385
-50.059637,50,3327.287218
-50.040916,50,3327.474673
-50.053229,50,3327.646506
-50.067744,50,3327.835239
-50.049213,50,3328.007072
-50.042965,50,3328.178905
-50.039337,50,3328.350739
-50.056252,50,3328.522572
-50.05443,50,3328.663162
-50.054792,50,3364.246313
-50.045324,50,3364.418146
-50.059004,50,3364.60896
-50.05278,50,3364.760589
-50.057194,50,3364.932421
-50.052236,50,3365.119877
-50.044591,50,3365.276088
-50.041741,50,3365.449332
-50.040342,50,3365.605548
-50.060082,50,3365.761759
-50.053994,50,3401.450731
-57.818936,50,3401.622564
-50.036819,50,3401.794398
-50.065467,50,3401.966231
-50.05824,50,3402.122442
-50.054736,50,3402.294276
-50.049837,50,3402.466109
-50.057496,50,3402.637942
-50.060121,50,3402.809776
-50.061655,50,3402.950365
-50.068397,50,3438.634902
-50.054654,50,3438.806736
-50.054576,50,3438.978569
-50.099279,50,3439.149792
-50.044614,50,3439.321625
-50.04893,50,3439.509078
-50.077962,50,3439.665292
-50.065593,50,3439.83829
-50.053079,50,3439.994502
-50.038475,50,3440.150714
-223.669914,50,3475.993832
-55.528137,50,3476.165665
-50.071068,50,3476.321877
-50.062157,50,3476.478089
-50.073981,50,3476.649923
-70.166247,50,3476.837376
-50.050994,50,3477.009209
-55.722131,50,3477.181043
-263.411227,50,3477.368497
-50.078456,50,3477.509089
-50.023475,50,3513.366451
-165.2253,50,3513.538285
-55.040757,50,3513.725739
-101.08517,50,3513.913193
-55.481083,50,3514.085027
-50.112871,50,3514.241239
-48.371237,50,3514.413071
-66.549244,50,3514.584904
-82.336907,50,3514.756739
-31.754145,50,3514.92857
-38.740123,50,3550.774833
-50.095697,50,3550.932377
-52.219219,50,3551.119832
-53.039443,50,3551.322907
-52.552119,50,3551.49474
-50.107199,50,3551.666574
-70.857041,50,3551.869649
-42.24732,50,3552.058444
-50.072002,50,3552.214656
-21.136971,50,3552.355247
-61.079991,50,3588.213319
-59.273659,50,3588.385152
-50.06405,50,3588.556984
-57.996434,50,3588.728818
-55.366088,50,3588.931893
-130.466261,50,3589.118734
-54.437326,50,3589.274949
-54.284474,50,3589.446783
-64.29378,50,3589.634237
-218.189729,50,3589.790448
-50.045205,50,3625.738906
-46.246672,50,3625.902169
-95.787639,50,3626.091646
-50.061598,50,3626.249171
-50.048454,50,3626.421007
-50.057366,50,3626.592841
-26.094844,50,3626.764674
-164.300199,50,3626.952128
-50.05855,50,3627.092718
-110.328788,50,3627.264551
-50.184217,50,3663.308861
-111.048252,50,3663.496315
-50.062787,50,3663.668148
-79.384532,50,3663.855602
-88.896828,50,3664.027435
-53.334681,50,3664.23051
-26.877552,50,3664.386724
-50.041721,50,3664.558556
-50.053083,50,3664.714767
-82.372566,50,3664.870979
-60.2325,50,3700.888195
-50.103428,50,3701.044407
-63.236655,50,3701.216241
-50.097071,50,3701.388073
-114.25291,50,3701.559908
-61.721866,50,3701.733141
-185.017933,50,3701.904974
-53.679975,50,3702.092427
-84.338172,50,3702.264262
-62.704148,50,3702.404851
-196.794784,50,3738.396966
-52.074185,50,3738.568799
-60.350938,50,3738.740632
-50.099885,50,3738.896844
-19.00364,50,3739.084298
-57.620211,50,3739.25914
-54.50891,50,3739.432268
-55.913503,50,3739.604102
-62.291758,50,3739.775935
-71.03333,50,3739.947769
-50.129929,50,3775.797436
-79.115128,50,3775.969269
-50.102739,50,3776.125482
-50.094213,50,3776.283021
-50.083506,50,3776.454855
-50.08205,50,3776.611066
-98.672705,50,3776.7829
-119.987698,50,3776.971787
-50.13145,50,3777.127998
-59.66109,50,3777.299832
-50.159479,50,3813.356397
-109.998152,50,3813.52823
-58.006598,50,3813.715685
-99.27825,50,3813.887517
-50.18323,50,3814.04373
-50.112781,50,3814.216863
-50.202496,50,3814.373074
-50.04571,50,3814.544908
-50.084685,50,3814.71674
-86.761699,50,3814.872952
-50.0657,50,3850.76072
-119.861679,50,3850.948174
-50.044733,50,3851.104385
-65.533325,50,3851.29184
-59.861356,50,3851.448052
-50.226576,50,3851.619885
-50.167026,50,3851.791719
-63.586295,50,3851.964933
-50.056229,50,3852.121144
-60.135207,50,3852.292979
-55.650867,50,3888.288849
-50.093216,50,3888.445062
-50.076314,50,3888.616895
-50.044623,50,3888.773107
-55.120135,50,3888.94494
-50.044102,50,3889.118282
-50.05889,50,3889.290118
-50.121099,50,3889.461951
-50.081606,50,3889.623249
-50.067406,50,3889.779459
-50.05501,50,3925.81943
-50.077803,50,3926.006885
-50.204877,50,3926.163097
-57.237683,50,3926.33493
-50.056698,50,3926.506763
-50.058494,50,3926.694217
-81.264057,50,3926.866051
-65.133846,50,3927.054861
-50.069156,50,3927.211076
-50.069927,50,3927.351666
-50.040649,50,3963.36852
-32.14634,50,3963.540354
-50.05435,50,3963.712187
-50.180405,50,3963.902288
-50.055912,50,3964.058499
-151.123834,50,3964.256474
-127.665543,50,3964.444692
-77.500188,50,3964.622427
-50.439464,50,3964.801616
-50.243596,50,3964.948567
-50.288597,50,1984.603261
-52.080695,50,1986.354128
-61.185457,50,1988.089387
-50.255757,50,1989.838353
-59.178337,50,1991.60995
-50.257319,50,1993.345189
-62.187077,50,1995.107497
-50.272383,50,1996.843288
-50.641556,50,2000.385597
-50.274378,50,2002.14154
-51.010799,50,2003.906733
-120.783071,50,2005.706446
-50.295439,50,2007.441711
-74.4047,50,2009.193006
-52.431717,50,2010.943963
-50.668406,50,2012.672855
-53.440135,50,2014.428864
-52.553791,50,2016.16415
-56.618019,50,2017.913721
-50.568487,50,2019.649107
-51.97468,50,2021.407643
-50.46344,50,2023.142919
-50.265556,50,2024.88137
-56.372589,50,2026.637995
-50.242854,50,2028.371945
-65.965557,50,2030.135397
-54.230147,50,2031.877211
-146.820468,50,2033.648773
-57.045631,50,2037.243724
-56.605779,50,2039.017966
-77.534864,50,2040.76882
-88.014356,50,2042.533865
-123.185559,50,2044.283437
-88.472855,50,2046.035742
-77.881174,50,2047.785313
-156.768017,50,2049.566127
-112.585377,50,2051.316217
-50.3557,50,2053.050169
-50.978472,50,2054.802196
-67.330847,50,2056.556971
-59.999289,50,2058.307836
-53.993143,50,2060.071733
-50.881112,50,2061.817604
-81.276294,50,2063.585417
-50.231149,50,2065.353621
-50.805623,50,2067.103255
-53.931943,50,2068.871494
-50.308534,50,2070.608122
-71.377744,50,2074.158158
-50.562612,50,2075.909086
-50.297724,50,2077.658659
-82.468073,50,2079.423849
-55.747081,50,2081.17474
-73.625981,50,2082.924243
-50.225443,50,2084.66169
-54.455902,50,2086.433854
-50.223441,50,2088.185108
-50.759142,50,2089.9626
-82.205657,50,2091.707568
-64.870285,50,2093.474046
-51.216446,50,2095.227528
-50.302929,50,2096.964152
-50.283631,50,2098.724851
-50.26161,50,2100.475851
-51.203091,50,2102.236977
-54.984509,50,2103.960693
-64.322626,50,2105.728583
-51.936608,50,2107.479588
-57.873462,50,2110.978697
-50.318638,50,2112.725026
-80.758227,50,2114.475438
-53.155747,50,2116.215089
-50.271874,50,2117.951832
-76.490392,50,2119.71266
-65.562723,50,2121.456198
-67.167733,50,2123.221389
-56.553856,50,2125.003531
-50.350895,50,2126.754447
-54.054391,50,2128.50771
-75.525598,50,2130.268425
-50.296797,50,2132.003193
-115.745236,50,2133.769739
-100.93059,50,2135.520648
-50.30343,50,2137.256124
-50.271539,50,2139.007321
-57.534351,50,2140.759589
-75.368706,50,2142.503335
-86.533611,50,2144.249414
-52.884763,50,2147.771589
-59.555629,50,2149.525172
-62.664239,50,2151.269711
-50.269469,50,2153.033913
-57.255868,50,2154.816
-50.27941,50,2156.566984
-50.213843,50,2158.333493
-50.359924,50,2160.083064
-50.252398,50,2161.927099
-57.510123,50,2163.78722
-53.836194,50,2165.547881
-58.181805,50,2167.315043
-53.144789,50,2169.080235
-50.29377,50,2170.832593
-52.365664,50,2172.599944
-62.939336,50,2174.33652
-50.573398,50,2176.074956
-59.109321,50,2177.861269
-56.419772,50,2179.623016
-56.791933,50,2181.37649
-35.782158,50,2185.025954
-66.737553,50,2186.809792
-50.266939,50,2188.558575
-50.259087,50,2190.306607
-53.032194,50,2192.088804
-65.434155,50,2193.827484
-60.381771,50,2195.610338
-50.460942,50,2197.332125
-96.081734,50,2199.09863
-56.184256,50,2200.868275
-457.863107,50,2202.636161
-226.498991,50,2204.388402
-62.79659,50,2206.141059
-58.6972,50,2207.897657
-74.432279,50,2209.66541
-49.714131,50,2211.417799
-57.105979,50,2213.184298
-52.649728,50,2214.937492
-109.675901,50,2216.68978
-69.771244,50,2218.442427
-54.543672,50,2221.933665
-62.227471,50,2223.676964
-52.56042,50,2225.427816
-50.431911,50,2227.165934
-95.653635,50,2228.927283
-56.867749,50,2230.681531
-50.451178,50,2232.418206
-50.265223,50,2234.162552
-50.46743,50,2235.913876
-96.24307,50,2237.665405
-50.296455,50,2239.415484
-50.465917,50,2241.1706
-50.929666,50,2242.921468
-179.944748,50,2244.719409
-61.535153,50,2246.539165
-269.065697,50,2248.30696
-155.222459,50,2250.057817
-64.59087,50,2251.824483
-176.19635,50,2253.591525
-57.854023,50,2255.34287
-131.01401,50,2258.920096
-168.50132,50,2260.665903
-189.507201,50,2262.388526
-68.568806,50,2264.108688
-74.173799,50,2265.845293
-156.854858,50,2267.571627
-143.938122,50,2269.312748
-159.942263,50,2271.056588
-252.113612,50,2272.807533
-120.020632,50,2274.547689
-75.154579,50,2276.314286
-52.249947,50,2278.032616
-50.273333,50,2279.776846
-189.000634,50,2281.545202
-50.294888,50,2283.280452
-74.262794,50,2285.03132
-50.336977,50,2286.770361
-50.473397,50,2288.507721
-50.276844,50,2290.244294
-63.223909,50,2291.983531
-69.413153,50,2295.501049
-50.685786,50,2297.238454
-50.378426,50,2298.989852
-52.952741,50,2300.729677
-50.430691,50,2302.465689
-53.384114,50,2304.215261
-50.277169,50,2305.983885
-50.253398,50,2307.722759
-50.294794,50,2309.480411
-50.136961,50,2311.201647
-50.296177,50,2312.924357
-52.541459,50,2314.661844
-50.38965,50,2316.398634
-56.632546,50,2318.134583
-50.218252,50,2319.871325
-51.225264,50,2321.592405
-50.269505,50,2323.344576
-50.285754,50,2325.065621
-65.299379,50,2326.818082
-50.299196,50,2328.553319
-53.322153,50,2332.077232
-122.514916,50,2333.844942
-100.460649,50,2335.605318
-50.475265,50,2337.34268
-54.858703,50,2339.095688
-50.477792,50,2340.842767
-59.377683,50,2342.627619
-50.255585,50,2344.361569
-59.616369,50,2346.095519
-60.228886,50,2347.862176
-94.029124,50,2349.607002
-75.982541,50,2351.359253
-104.771054,50,2353.142678
-50.393773,50,2354.877942
-135.312347,50,2356.64683
-50.659334,50,2358.38078
-91.574514,50,2360.153685
-63.395452,50,2361.904647
-59.087176,50,2363.654219
-58.660451,50,2365.451953
-54.970089,50,2368.998608
-50.393815,50,2370.765559
-62.902001,50,2372.518015
-50.33758,50,2374.251966
-50.315762,50,2376.001537
-50.392574,50,2377.75766
-94.109098,50,2379.531028
-56.702388,50,2381.264978
-103.238177,50,2383.032832
-60.019004,50,2384.770688
-50.330627,50,2386.50765
-85.300559,50,2388.289819
-53.326331,50,2390.030422
-50.323372,50,2391.767071
-59.062869,50,2393.550199
-50.29945,50,2395.285506
-104.770018,50,2397.039241
-50.234122,50,2398.78511
-50.260137,50,2400.531946
-56.112888,50,2402.29992
-50.331791,50,2405.833081
-50.259948,50,2407.585483
-50.256733,50,2409.333553
-55.526778,50,2411.095694
-50.258509,50,2412.847857
-75.834851,50,2414.615833
-50.211215,50,2416.367022
-50.254822,50,2418.119347
-52.82543,50,2419.874942
-65.710099,50,2421.62712
-50.230557,50,2423.395632
-59.350988,50,2425.162297
-53.02321,50,2426.930387
-169.195059,50,2428.728919
-67.226707,50,2430.469491
-97.333232,50,2432.237395
-63.570946,50,2434.004112
-50.318399,50,2435.738063
-61.137529,50,2437.52037
-55.107334,50,2439.269943
-52.211031,50,2442.799269
-55.001363,50,2444.572769
-50.269383,50,2446.306719
-68.959139,50,2448.079154
-50.250306,50,2449.815595
-50.713944,50,2451.567808
-50.270627,50,2453.304556
-50.2241,50,2455.07113
-50.335253,50,2456.82198
-54.974244,50,2458.575911
-50.304702,50,2460.317469
-62.110074,50,2462.083941
-50.292791,50,2463.820991
-73.368266,50,2465.587535
-50.335571,50,2467.339945
-68.357167,50,2469.090798
-50.275803,50,2470.848688
-50.196353,50,2472.61722
-55.861828,50,2474.374038
-53.120422,50,2476.13475
-50.31297,50,2479.679128
-60.244382,50,2481.462515
-50.24139,50,2483.184595
-59.549613,50,2485.000186
-58.63331,50,2486.768427
-50.21077,50,2488.536407
-50.333324,50,2490.302107
-59.007246,50,2492.051678
-50.272272,50,2493.818313
-61.471204,50,2495.592628
-50.207738,50,2497.32933
-50.255689,50,2499.064959
-59.019046,50,2500.833436
-57.913176,50,2502.598843
-72.646631,50,2504.348366
-125.690324,50,2506.11356
-57.995011,50,2507.869651
-50.242157,50,2509.616009
-57.093878,50,2511.381201
-51.092604,50,2513.138193
-50.262502,50,2516.690384
-50.264028,50,2518.458248
-50.17288,50,2520.244019
-50.2993,50,2521.99662
-66.504495,50,2523.781437
-87.266261,50,2525.532708
-50.347704,50,2527.285125
-52.122019,50,2529.051637
-50.831868,50,2530.787599
-96.34945,50,2532.554099
-59.039811,50,2534.289416
-52.982367,50,2536.056323
-50.257183,50,2537.807489
-50.240882,50,2539.553436
-57.935498,50,2541.318628
-82.087308,50,2543.087487
-56.551858,50,2544.876834
-50.246962,50,2546.627915
-50.247475,50,2548.373337
-50.237224,50,2550.133747
-50.218045,50,2553.652841
-50.290421,50,2555.408233
-57.432359,50,2557.174714
-50.284232,50,2558.927591
-50.274712,50,2560.67934
-50.256841,50,2562.431748
-50.236872,50,2564.190129
-81.950107,50,2565.958879
-50.318179,50,2567.699731
-50.321407,50,2569.460827
-53.144844,50,2571.227305
-50.272287,50,2572.963973
-99.73734,50,2574.720822
-50.228222,50,2576.471685
-51.129787,50,2578.225583
-130.965079,50,2580.009785
-55.680953,50,2581.745022
-52.010319,50,2583.511724
-116.670236,50,2585.278208
-58.15682,50,2587.043401
-279.474855,50,2590.587855
-53.635915,50,2592.291881
-80.686923,50,2594.045116
-66.134027,50,2595.781918
-163.02932,50,2597.534494
-50.288183,50,2599.252824
-50.279159,50,2600.978438
-70.447354,50,2602.729348
-50.271369,50,2604.510163
-52.957628,50,2606.292359
-56.614605,50,2608.043886
-72.549695,50,2609.805764
-75.482489,50,2611.556934
-50.233409,50,2613.308048
-51.242639,50,2615.077182
-62.890561,50,2616.82806
-56.606446,50,2618.564683
-79.61936,50,2620.291082
-68.144951,50,2622.043705
-63.62456,50,2623.796294
-146.065419,50,2627.371222
-125.072467,50,2629.139425
-116.881166,50,2630.870417
-116.392266,50,2632.59207
-133.806748,50,2634.344187
-83.533813,50,2636.095073
-84.849749,50,2637.830296
-66.211695,50,2639.574167
-59.834731,50,2641.32374
-70.782755,50,2643.04207
-58.319262,50,2644.77884
-342.712918,50,2646.529743
-220.453914,50,2648.280721
-105.818687,50,2650.011428
-188.914117,50,2651.745379
-147.046138,50,2653.480638
-155.963177,50,2655.23575
-54.909995,50,2656.971351
-224.729327,50,2658.720922
-118.466471,50,2660.465513
-175.269969,50,2664.158137
-63.356546,50,2665.957497
-154.257746,50,2667.708899
-166.452076,50,2669.481362
-105.984141,50,2671.232558
-182.454434,50,2673.00455
-162.892428,50,2674.742133
-130.776928,50,2676.509926
-52.005925,50,2678.260783
-56.881755,50,2680.026829
-56.678671,50,2681.763435
-56.112166,50,2683.528628
-57.800183,50,2685.263951
-105.794548,50,2687.021052
-50.29066,50,2688.770623
-65.96428,50,2690.527426
-64.810926,50,2692.276998
-72.773746,50,2694.027869
-50.320654,50,2695.766406
-50.400845,50,2697.517266
-64.442891,50,2701.013479
-63.066545,50,2702.759948
-61.545807,50,2704.515365
-50.370361,50,2706.250676
-53.597016,50,2708.001892
-61.685073,50,2709.74769
-54.980956,50,2711.515881
-91.088041,50,2713.282416
-50.200656,50,2715.017765
-57.356334,50,2716.784599
-71.256728,50,2718.536938
-58.844965,50,2720.294262
-59.852727,50,2722.043835
-50.36316,50,2723.797634
-260.624208,50,2725.613591
-199.566587,50,2727.364484
-108.841272,50,2729.130949
-386.259545,50,2730.903825
-153.983763,50,2732.669019
-56.050187,50,2734.419924
-50.235881,50,2737.981553
-50.159701,50,2739.748632
-55.518565,50,2741.545068
-50.199298,50,2743.282067
-60.24465,50,2745.081509
-50.169328,50,2746.822499
-52.132085,50,2748.604611
-50.248305,50,2750.359326
-50.220271,50,2752.124519
-50.172514,50,2753.904857
-61.837417,50,2755.671522
-75.780732,50,2757.473263
-50.278773,50,2759.224113
-50.290021,50,2760.983668
-50.150656,50,2762.750145
-50.219368,50,2764.502372
-50.276612,50,2766.285921
-50.229765,50,2768.051115
-50.129223,50,2769.814229
-50.178342,50,2771.580707
-50.163381,50,2775.178173
-50.23464,50,2776.94643
-88.504021,50,2778.729934
-50.931958,50,2780.486588
-50.266519,50,2782.268701
-197.944003,50,2784.073038
-106.393683,50,2785.856938
-66.157828,50,2787.609641
-51.075037,50,2789.3606
-149.224173,50,2791.154343
-50.235209,50,2792.88958
-50.195635,50,2794.658706
-85.001024,50,2796.440845
-50.201014,50,2798.174796
-50.216594,50,2799.939114
-75.481776,50,2801.741181
-51.190309,50,2803.475131
-426.408186,50,2805.267085
-50.137386,50,2807.006701
-50.16886,50,2808.773189
-52.103114,50,2812.328849
-50.341212,50,2814.099431
-50.267952,50,2815.865962
-94.849488,50,2817.646775
-108.886614,50,2819.411968
-50.225939,50,2821.157895
-64.487118,50,2822.923089
-66.961182,50,2824.67947
-221.638907,50,2826.44595
-55.784462,50,2828.211143
-93.395331,50,2829.985725
-50.198227,50,2831.738159
-156.767542,50,2833.518982
-50.866807,50,2835.286325
-68.846016,50,2837.054093
-71.030537,50,2838.820846
-62.10909,50,2840.580994
-50.260833,50,2842.33231
-50.236426,50,2844.131487
-253.872072,50,2845.917255
-50.272563,50,2849.503105
-108.924753,50,2851.300881
-50.242879,50,2853.05184
-50.181597,50,2854.795662
-53.233832,50,2856.579085
-247.647003,50,2858.361346
-115.542968,50,2860.114751
-50.220647,50,2861.865662
-50.235432,50,2863.615235
-66.863148,50,2865.403464
-54.754457,50,2867.159951
-51.688857,50,2868.930293
-50.26392,50,2870.676642
-50.252903,50,2872.410594
-50.225245,50,2874.164445
-50.376758,50,2875.904942
-50.206378,50,2877.671895
-73.056553,50,2879.420921
-51.251134,50,2881.178643
-50.249453,50,2882.915616
-50.231558,50,2886.434554
-50.322345,50,2888.201042
-50.225364,50,2889.942768
-50.33199,50,2891.694057
-62.869215,50,2893.461983
-65.175186,50,2895.216837
-52.084725,50,2896.966702
-50.321521,50,2898.734495
-50.32418,50,2900.49502
-50.274176,50,2902.26155
-50.302455,50,2904.045271
-50.315194,50,2905.829088
-50.300194,50,2907.584316
-50.277178,50,2909.336516
-50.296066,50,2911.08886
-50.250072,50,2912.838434
-50.983019,50,2914.603626
-50.367631,50,2916.349995
-50.298951,50,2918.099568
-50.342345,50,2919.840208
-50.596491,50,2923.357505
-50.200095,50,2925.111296
-50.287574,50,2926.84998
-50.255209,50,2928.607875
-50.261825,50,2930.354247
-50.226352,50,2932.10382
-50.178125,50,2933.853809
-50.695211,50,2935.613595
-50.332615,50,2937.365792
-50.292079,50,2939.132268
-50.187824,50,2940.868901
-50.295282,50,2942.634095
-50.296929,50,2944.38367
-50.270862,50,2946.134637
-50.300207,50,2947.881762
-50.355335,50,2949.619057
-50.373466,50,2951.37017
-50.253786,50,2953.121037
-50.276795,50,2954.874742
-50.332695,50,2956.634669
-50.315875,50,2960.125217
-50.265266,50,2961.876083
-50.22103,50,2963.642997
-50.313604,50,2965.424305
-50.386724,50,2967.181079
-50.346425,50,2968.932036
-50.150594,50,2970.696987
-50.332158,50,2972.449554
-50.23064,50,2974.183505
-50.298101,50,2975.950142
-50.246345,50,2977.695717
-50.425551,50,2979.44529
-50.230042,50,2981.21183
-50.248281,50,2982.947171
-50.243334,50,2984.713738
-51.269688,50,2986.462728
-50.198856,50,2988.201728
-50.818053,50,2989.966193
-50.377062,50,2991.717103
-50.334547,50,2993.482078
-50.239313,50,2996.99581
-50.272948,50,2998.731098
-50.292126,50,3000.484938
-50.18844,50,3002.235847
-50.298796,50,3003.987175
-50.275644,50,3005.738033
-56.091338,50,3007.511481
-50.245839,50,3009.248002
-50.247151,50,3011.002482
-50.31459,50,3012.753359
-50.245012,50,3014.504273
-50.248411,50,3016.26072
-50.260466,50,3018.030788
-50.186762,50,3019.780238
-50.28047,50,3021.532429
-50.146248,50,3023.298909
-50.314511,50,3025.082564
-50.253507,50,3026.824255
-51.208783,50,3028.57567
-50.325243,50,3030.328923
-50.295574,50,3033.829391
-50.294196,50,3035.580251
-50.299555,50,3037.325001
-50.313114,50,3039.076083
-50.247896,50,3040.827043
-50.22394,50,3042.576617
-50.253413,50,3044.327657
-50.190336,50,3046.061947
-50.318309,50,3047.813674
-50.353348,50,3049.57287
-50.352103,50,3051.31228
-50.270392,50,3053.063201
-50.368967,50,3054.816703
-50.28354,50,3056.559679
-50.289844,50,3058.298079
-50.262839,50,3060.065896
-50.274923,50,3061.801374
-50.253647,50,3063.553018
-50.205285,50,3065.301397
-50.208108,50,3067.059645
-50.250507,50,3070.561599
-50.282564,50,3072.313935
-50.285451,50,3074.064822
-50.278214,50,3075.812129
-50.290335,50,3077.561649
-50.357462,50,3079.311222
-50.258414,50,3081.057252
-50.28173,50,3082.810695
-50.318737,50,3084.591509
-50.198251,50,3086.373921
-50.169959,50,3088.122597
-50.313292,50,3089.873399
-50.249128,50,3091.625787
-50.250032,50,3093.392286
-50.21378,50,3095.144495
-50.322496,50,3096.905333
-51.150914,50,3098.654905
-50.205775,50,3100.41121
-50.294357,50,3102.160783
-50.263826,50,3103.910356
-50.190567,50,3107.425961
-50.218188,50,3109.176818
-50.212529,50,3110.917976
-50.246294,50,3112.670187
-50.250838,50,3114.422939
-50.279531,50,3116.170825
-50.282922,50,3117.920937
-50.219352,50,3119.667021
-50.217551,50,3121.419298
-50.188448,50,3123.185799
-50.171727,50,3124.91754
-50.289341,50,3126.67187
-51.823462,50,3128.421443
-50.189497,50,3130.183534
-50.309346,50,3131.935707
-50.780049,50,3133.685279
-50.2873,50,3135.436321
-50.283497,50,3137.190485
-50.277024,50,3138.941386
-50.329907,50,3140.687685
-50.216265,50,3144.206895
-50.243918,50,3146.008911
-50.28625,50,3147.753193
-50.243817,50,3149.505523
-50.287079,50,3151.272136
-50.321223,50,3153.03733
-50.19689,50,3154.788307
-50.257652,50,3156.533041
-50.292612,50,3158.307824
-50.286794,50,3160.057396
-50.256423,50,3161.808017
-50.177489,50,3163.595653
-50.280755,50,3165.348307
-50.255706,50,3167.11045
-50.219553,50,3168.848997
-50.401609,50,3170.606153
-50.230921,50,3172.341688
-50.211742,50,3174.094282
-50.241535,50,3175.852003
-50.283517,50,3177.595895
-50.280756,50,3181.091118
-50.253056,50,3182.85776
-50.591635,50,3184.624371
-50.316095,50,3186.377053
-50.26178,50,3188.128393
-50.262454,50,3189.870179
-50.164973,50,3191.639498
-50.265888,50,3193.390338
-50.24281,50,3195.136108
-50.211384,50,3196.894133
-50.324631,50,3198.646811
-50.257946,50,3200.405967
-50.256474,50,3202.160383
-50.224803,50,3203.945328
-50.263967,50,3205.732784
-50.213383,50,3207.473276
-50.225002,50,3209.239774
-47.508727,50,3210.993219
-50.287005,50,3212.753246
-52.226205,50,3214.50282
-50.182592,50,3218.003932
-50.26097,50,3219.773669
-50.257555,50,3221.511307
-50.243488,50,3223.263613
-50.295539,50,3225.024383
-50.26302,50,3226.767412
-50.163219,50,3228.51828
-50.305705,50,3230.289878
-50.233287,50,3232.040865
-50.277075,50,3233.812535
-50.346749,50,3235.557531
-50.293931,50,3237.31739
-50.292938,50,3239.083899
-50.308796,50,3240.840319
-50.298163,50,3242.591182
-50.208603,50,3244.34205
-50.26924,50,3246.107175
-50.330472,50,3247.854426
-50.297106,50,3249.62091
-50.273586,50,3251.373112
-50.291512,50,3254.903027
-50.253373,50,3256.660203
-50.280189,50,3258.409775
-50.240273,50,3260.16497
-50.230563,50,3261.931572
-50.273482,50,3263.70388
-50.236806,50,3265.49705
-50.328374,50,3267.269072
-50.207442,50,3269.03562
-50.23387,50,3270.787847
-50.188373,50,3272.553041
-50.297681,50,3274.333857
-50.2203,50,3276.084816
-50.265741,50,3277.848874
-50.287886,50,3279.614069
-50.271422,50,3281.367485
-50.29701,50,3283.13671
-50.259854,50,3284.897046
-50.305489,50,3286.659417
-50.26979,50,3288.442817
-50.270027,50,3291.950256
-50.305657,50,3293.72015
-50.244266,50,3295.487997
-50.219253,50,3297.255772
-50.266366,50,3299.022293
-50.256417,50,3300.790629
-50.279824,50,3302.576519
-50.262827,50,3304.327871
-50.328319,50,3306.1034
-50.324442,50,3307.863326
-50.204461,50,3309.628521
-50.240155,50,3311.385623
-50.314459,50,3313.167728
-50.21685,50,3314.934186
-50.218163,50,3316.694443
-50.226507,50,3318.463703
-50.246229,50,3320.230473
-50.285718,50,3321.998256
-50.299186,50,3323.781725
-50.257743,50,3325.565411
-50.240392,50,3329.116427
-50.302899,50,3330.86909
-50.244021,50,3332.651211
-50.292693,50,3334.417675
-50.28141,50,3336.184831
-50.275338,50,3337.942533
-50.2814,50,3339.707726
-50.951653,50,3341.479708
-50.318843,50,3343.260523
-50.265407,50,3345.011538
-50.3237,50,3346.78704
-50.23434,50,3348.545792
-52.444989,50,3350.321497
-50.241001,50,3352.103703
-50.21227,50,3353.868242
-50.296803,50,3355.634841
-50.26975,50,3357.413261
-50.240246,50,3359.183569
-50.301938,50,3360.949186
-50.242197,50,3362.714381
-50.170326,50,3366.256633
-50.30705,50,3368.038854
-50.322092,50,3369.802226
-50.184346,50,3371.577465
-50.150555,50,3373.34535
-50.294578,50,3375.105401
-50.295091,50,3376.867947
-50.291529,50,3378.635737
-50.222679,50,3380.41674
-50.256069,50,3382.169115
-50.327276,50,3383.954122
-50.251081,50,3385.75229
-50.295735,50,3387.524427
-50.293413,50,3389.277056
-50.292372,50,3391.060427
-50.234246,50,3392.836764
-50.264827,50,3394.603332
-50.319067,50,3396.383177
-50.259741,50,3398.165312
-50.308024,50,3399.931825
-50.291506,50,3403.440232
-50.313857,50,3405.207595
-50.263922,50,3406.992684
-50.262776,50,3408.749993
-50.99451,50,3410.524696
-50.332728,50,3412.291425
-50.279381,50,3414.063852
-50.261354,50,3415.826273
-50.292272,50,3417.603462
-50.220613,50,3419.369947
-50.270705,50,3421.136507
-50.301169,50,3422.905675
-50.240811,50,3424.686489
-50.275582,50,3426.461872
-50.273881,50,3428.242687
-50.288001,50,3430.009184
-52.212488,50,3431.778673
-50.306836,50,3433.543868
-50.260522,50,3435.322549
-50.248706,50,3437.104276
-50.226069,50,3440.666463
-50.291555,50,3442.433107
-50.250698,50,3444.229544
-50.248872,50,3446.013154
-50.275725,50,3447.791394
-50.361079,50,3449.566628
-50.650314,50,3451.342236
-50.32302,50,3453.108716
-50.208317,50,3454.89084
-50.253424,50,3456.665224
-50.290599,50,3458.430418
-50.156176,50,3460.211234
-50.214732,50,3461.979035
-50.281255,50,3463.75985
-50.289807,50,3465.531894
-50.244958,50,3467.322127
-50.264652,50,3469.094051
-50.651243,50,3470.868258
-50.241181,50,3472.650468
-50.278296,50,3474.426225
-50.25945,50,3477.979252
-50.261292,50,3479.759459
-50.294785,50,3481.543041
-51.256192,50,3483.325236
-50.282955,50,3485.087968
-50.317859,50,3486.884378
-50.252646,50,3488.650884
-50.278404,50,3490.432549
-50.313997,50,3492.216172
-50.216922,50,3493.981368
-50.31368,50,3495.765086
-50.360732,50,3497.543209
-50.209195,50,3499.325352
-59.140475,50,3501.089605
-54.454685,50,3502.871703
-51.97378,50,3504.671204
-50.267456,50,3506.463259
-51.354008,50,3508.248261
-50.285279,50,3510.030405
-50.292666,50,3511.815077
-50.291222,50,3515.366215
-50.273655,50,3517.151119
-50.30569,50,3518.931935
-50.30608,50,3520.712751
-50.262761,50,3522.49506
-50.313048,50,3524.277347
-50.329402,50,3526.056685
-50.245695,50,3527.830591
-50.256275,50,3529.61871
-52.135752,50,3531.402849
-50.283238,50,3533.185148
-50.275749,50,3534.982859
-50.300467,50,3536.745491
-52.826973,50,3538.527592
-54.046066,50,3540.312094
-50.34672,50,3542.096097
-50.281998,50,3543.880177
-50.255134,50,3545.662278
-51.698321,50,3547.432322
-50.25287,50,3549.215725
-50.300177,50,3552.777271
-50.27041,50,3554.547301
-50.298437,50,3556.323712
-50.497144,50,3558.107971
-50.271516,50,3559.885855
-50.294436,50,3561.665964
-50.226259,50,3563.463706
-50.247702,50,3565.260741
-50.269613,50,3567.059379
-50.333366,50,3568.841584
-50.290005,50,3570.620824
-50.274958,50,3572.405388
-50.33323,50,3574.203187
-50.365038,50,3575.985326
-50.269641,50,3577.76159
-50.30106,50,3579.542405
-50.296839,50,3581.315071
-50.224366,50,3583.095888
-50.271317,50,3584.894271
-50.236591,50,3586.661123
-50.285116,50,3590.243716
-50.276319,50,3592.041526
-55.67473,50,3593.824849
-50.329658,50,3595.603977
-50.276018,50,3597.41276
-50.266596,50,3599.194934
-50.262909,50,3600.978843
-50.339044,50,3602.762357
-55.041432,50,3604.560094
-53.996955,50,3606.326046
-50.323507,50,3608.106862
-50.326616,50,3609.888995
-50.324102,50,3611.67391
-50.226079,50,3613.454725
-50.36794,50,3615.235542
-50.284768,50,3617.016242
-50.275347,50,3618.812678
-50.341809,50,3620.595526
-50.271573,50,3622.377795
-50.231765,50,3624.174233
-50.290518,50,3627.749059
-50.313601,50,3629.532482
-50.290985,50,3631.33162
-50.263981,50,3633.145037
-50.323937,50,3634.92715
-50.214865,50,3636.717516
-50.357335,50,3638.498332
-60.802748,50,3640.287326
-60.269146,50,3642.070746
-52.066715,50,3643.853268
-50.275757,50,3645.649439
-50.263914,50,3647.421324
-50.309192,50,3649.207768
-53.482657,50,3651.011751
-51.75498,50,3652.81161
-50.226763,50,3654.600591
-50.299802,50,3656.405662
-60.698248,50,3658.206448
-50.548632,50,3659.988551
-50.273482,50,3661.760902
-54.869025,50,3665.352999
-50.350806,50,3667.139287
-51.730271,50,3668.920103
-50.298755,50,3670.702346
-50.307622,50,3672.500518
-50.325983,50,3674.282765
-50.285835,50,3676.080572
-50.323586,50,3677.86003
-52.624453,50,3679.651712
-50.376839,50,3681.43388
-50.311021,50,3683.219269
-50.282797,50,3685.032727
-52.443078,50,3686.833319
-50.315672,50,3688.607195
-52.481438,50,3690.394562
-50.350329,50,3692.180331
-50.357324,50,3693.971177
-52.95665,50,3695.770212
-74.359084,50,3697.552444
-77.510667,50,3699.341948
-50.322158,50,3702.936223
-50.34509,50,3704.734013
-50.419212,50,3706.51483
-50.347518,50,3708.297083
-50.397693,50,3710.077088
-50.413663,50,3711.874673
-50.382534,50,3713.670897
-50.325134,50,3715.451712
-50.288145,50,3717.233866
-50.29643,50,3719.005159
-51.400762,50,3720.785974
-50.333762,50,3722.568239
-50.294915,50,3724.350338
-53.154875,50,3726.133734
-50.381921,50,3727.917365
-59.52619,50,3729.710376
-50.397452,50,3731.493427
-51.749656,50,3733.277382
-50.334864,50,3735.059572
-50.381556,50,3736.839022
-52.72692,50,3740.393625
-52.308477,50,3742.161747
-50.449933,50,3743.976544
-50.355331,50,3745.776769
-53.287155,50,3747.560239
-53.647535,50,3749.349962
-50.274484,50,3751.117315
-50.441312,50,3752.899605
-60.348543,50,3754.696041
-50.428481,50,3756.464199
-59.4353,50,3758.232135
-61.251691,50,3760.007323
-53.706148,50,3761.789471
-59.848981,50,3763.571676
-52.794129,50,3765.353859
-50.354224,50,3767.120466
-77.633952,50,3768.912533
-50.364293,50,3770.702941
-51.514667,50,3772.48644
-50.373593,50,3774.260348
-64.91869,50,3777.894974
-50.441908,50,3779.663866
-50.282812,50,3781.445967
-50.385259,50,3783.212433
-50.366122,50,3784.994547
-57.191076,50,3786.793987
-50.397379,50,3788.584671
-50.378523,50,3790.36829
-56.219202,50,3792.151836
-50.387727,50,3793.948273
-50.319696,50,3795.730467
-58.907223,50,3797.498943
-57.449796,50,3799.288917
-50.367358,50,3801.071242
-50.359459,50,3802.853539
-60.440517,50,3804.665598
-50.347592,50,3806.479149
-50.384538,50,3808.262764
-50.375172,50,3810.053044
-50.341764,50,3811.820312
-50.356381,50,3815.388703
-50.368542,50,3817.163639
-50.395338,50,3818.975203
-50.382045,50,3820.757194
-50.355964,50,3822.525285
-50.417101,50,3824.293143
-50.388235,50,3826.086091
-51.701881,50,3827.86832
-50.333606,50,3829.649741
-50.409455,50,3831.436836
-51.579903,50,3833.219082
-50.362386,50,3834.990209
-50.395232,50,3836.786646
-50.389795,50,3838.553934
-50.430778,50,3840.336047
-50.403385,50,3842.119709
-50.9339,50,3843.900529
-50.342698,50,3845.681345
-50.362092,50,3847.466785
-50.37423,50,3849.244282
-50.345398,50,3852.808728
-50.370307,50,3854.590879
-50.36956,50,3856.373303
-50.353897,50,3858.158476
-50.403913,50,3859.947764
-50.380337,50,3861.717402
-50.355295,50,3863.51438
-50.324077,50,3865.329701
-58.106711,50,3867.127473
-61.017527,50,3868.91411
-50.290847,50,3870.681907
-51.677142,50,3872.474782
-50.357489,50,3874.256876
-50.328958,50,3876.05619
-50.423602,50,3877.838321
-50.367459,50,3879.616808
-50.329531,50,3881.400179
-8.243699,50,3883.182406
-50.379805,50,3884.965229
-50.317863,50,3886.730424
-50.375102,50,3890.295211
-60.125515,50,3892.091647
-50.41169,50,3893.878328
-50.385083,50,3895.661238
-50.376909,50,3897.443546
-50.385824,50,3899.226546
-50.410605,50,3901.021838
-50.394499,50,3902.803991
-50.371191,50,3904.586131
-50.386336,50,3906.365784
-50.367781,50,3908.147974
-50.413485,50,3909.946249
-50.378561,50,3911.725908
-50.367099,50,3913.509391
-50.397501,50,3915.290208
-50.288045,50,3917.084905
-50.308245,50,3918.883002
-50.396904,50,3920.666266
-50.321026,50,3922.451332
-50.349773,50,3924.26602
-50.373779,50,3927.836174
-50.42981,50,3929.617524
-50.356912,50,3931.406551
-50.437002,50,3933.188854
-50.359352,50,3934.985291
-50.269656,50,3936.783253
-53.028961,50,3938.555227
-50.367001,50,3940.352955
-56.507455,50,3942.149391
-50.36214,50,3943.915935
-50.409248,50,3945.713822
-50.416731,50,3947.511636
-50.395219,50,3949.289456
-50.37047,50,3951.077225
-53.302433,50,3952.859388
-50.345534,50,3954.676229
-50.394761,50,3956.459678
-50.370199,50,3958.243297
-50.360425,50,3960.041296
-50.352812,50,3961.818274
-50.363353,50,3965.436369
-50.322247,50,3967.260445
-50.854872,50,3969.189939
-50.406526,50,3970.999373
-61.878208,50,3972.893072
-50.321959,50,3974.711447
-50.295647,50,3976.497324
